OperDay,HourEnding,NORTH,SOUTH,WEST,HOUSTON,TOTAL,DSTFlag
02/27/2022,01:00,17226.89,13528.09,6132.94,11818.52,48706.44,N
02/27/2022,02:00,16921.88,13231.34,6155.39,11635.65,47944.26,N
02/27/2022,03:00,16956.93,13163.24,6151.94,11531.77,47803.89,N
02/27/2022,04:00,17250.08,13136.17,6183.86,11509.76,48079.87,N
02/27/2022,05:00,17692.90,13274.09,6252.72,11527.29,48747.00,N
02/27/2022,06:00,18370.34,13549.79,6349.30,11675.63,49945.06,N
02/27/2022,07:00,19309.13,13965.97,6456.84,11922.96,51654.89,N
02/27/2022,08:00,19819.22,14414.18,6469.95,12141.53,52844.88,N
02/27/2022,09:00,19358.03,14391.64,6269.68,12480.73,52500.07,N
02/27/2022,10:00,18508.43,14028.61,6096.16,12615.90,51249.10,N
02/27/2022,11:00,17449.56,13445.74,5896.05,12644.47,49435.82,N
02/27/2022,12:00,16454.37,12771.27,5722.42,12348.90,47296.96,N
02/27/2022,13:00,15651.87,12145.09,5598.91,11869.50,45265.37,N
02/27/2022,14:00,14839.41,11481.50,5491.96,11399.86,43212.73,N
02/27/2022,15:00,14094.76,10922.59,5395.54,11003.64,41416.53,N
02/27/2022,16:00,13674.40,10619.48,5380.22,10767.74,40441.83,N
02/27/2022,17:00,13559.10,10583.00,5387.16,10701.73,40230.99,N
02/27/2022,18:00,13993.11,10870.86,5429.25,10802.40,41095.62,N
02/27/2022,19:00,15209.12,11667.12,5667.76,11338.29,43882.30,N
02/27/2022,20:00,16206.76,12484.83,5889.19,11746.96,46327.74,N
02/27/2022,21:00,16635.12,12745.53,5933.81,11815.48,47129.95,N
02/27/2022,22:00,16754.44,12760.49,5945.58,11756.51,47217.02,N
02/27/2022,23:00,16411.20,12479.69,5914.33,11485.82,46291.03,N
02/27/2022,24:00,16129.36,12132.82,5870.83,11132.37,45265.38,N
02/26/2022,01:00,18244.92,14452.29,6070.68,11889.45,50657.33,N
02/26/2022,02:00,17965.43,14176.94,6052.10,11694.49,49888.97,N
02/26/2022,03:00,17751.64,14024.42,6061.06,11597.77,49434.88,N
02/26/2022,04:00,17764.94,13991.15,6053.57,11577.82,49387.48,N
02/26/2022,05:00,18050.62,14144.79,6101.50,11628.69,49925.61,N
02/26/2022,06:00,18559.06,14439.88,6141.04,11848.95,50988.93,N
02/26/2022,07:00,19202.32,15000.08,6231.43,12218.85,52652.67,N
02/26/2022,08:00,19726.17,15463.48,6303.54,12593.01,54086.20,N
02/26/2022,09:00,20331.09,15942.31,6334.60,12985.13,55593.12,N
02/26/2022,10:00,20765.17,16244.24,6340.86,13407.57,56757.84,N
02/26/2022,11:00,20846.44,16258.37,6305.87,13703.72,57114.40,N
02/26/2022,12:00,20360.20,16153.84,6218.82,13740.07,56472.94,N
02/26/2022,13:00,19812.30,15784.62,6078.50,13645.56,55320.97,N
02/26/2022,14:00,19467.88,15340.98,5987.20,13457.31,54253.37,N
02/26/2022,15:00,19299.24,14874.42,5903.48,13257.02,53334.16,N
02/26/2022,16:00,19293.11,14687.67,5864.22,13157.70,53002.70,N
02/26/2022,17:00,19433.10,14703.67,5832.35,13119.29,53088.42,N
02/26/2022,18:00,19676.28,14846.47,5810.16,13128.83,53461.74,N
02/26/2022,19:00,20081.15,15215.63,5927.75,13260.95,54485.48,N
02/26/2022,20:00,20077.56,15307.62,6091.57,13221.13,54697.87,N
02/26/2022,21:00,19815.39,15119.72,6114.60,13071.53,54121.24,N
02/26/2022,22:00,19311.57,14846.77,6101.40,12835.31,53095.05,N
02/26/2022,23:00,18531.13,14418.96,6098.81,12499.16,51548.07,N
02/26/2022,24:00,17766.83,13925.02,6112.82,12116.75,49921.42,N
02/25/2022,01:00,21004.10,14562.93,6286.12,12207.90,54061.05,N
02/25/2022,02:00,20815.65,14427.92,6272.62,12045.05,53561.24,N
02/25/2022,03:00,21034.28,14498.93,6306.68,11986.85,53826.73,N
02/25/2022,04:00,21450.74,14633.80,6397.96,12019.53,54502.03,N
02/25/2022,05:00,22138.69,15048.84,6458.54,12251.50,55897.57,N
02/25/2022,06:00,23224.03,15747.41,6580.78,12871.72,58423.94,N
02/25/2022,07:00,24767.51,16889.86,6781.70,13702.45,62141.52,N
02/25/2022,08:00,25526.26,17421.88,6861.75,14032.83,63842.71,N
02/25/2022,09:00,25233.28,17355.57,6809.24,14151.47,63549.57,N
02/25/2022,10:00,24468.01,17240.81,6731.00,14337.35,62777.17,N
02/25/2022,11:00,23438.90,17050.60,6564.56,14305.62,61359.68,N
02/25/2022,12:00,22395.60,16740.78,6360.48,14245.13,59742.00,N
02/25/2022,13:00,21388.51,16385.42,6154.80,14045.05,57973.78,N
02/25/2022,14:00,20634.94,16147.34,6030.13,13834.08,56646.50,N
02/25/2022,15:00,20195.79,15915.05,5957.98,13661.60,55730.42,N
02/25/2022,16:00,20213.53,15914.55,5942.99,13628.94,55700.00,N
02/25/2022,17:00,20588.88,16076.71,5989.82,13697.22,56352.62,N
02/25/2022,18:00,21026.66,16310.67,6019.42,13755.40,57112.16,N
02/25/2022,19:00,21359.70,16676.14,6160.23,13879.84,58075.90,N
02/25/2022,20:00,21262.24,16676.41,6271.77,13763.57,57973.99,N
02/25/2022,21:00,20877.16,16435.56,6268.71,13579.34,57160.77,N
02/25/2022,22:00,20360.84,16078.53,6261.42,13175.01,55875.80,N
02/25/2022,23:00,19495.90,15471.82,6202.70,12688.68,53859.10,N
02/25/2022,24:00,18717.06,14896.48,6136.52,12263.29,52013.35,N
02/24/2022,01:00,21940.20,14380.49,6539.23,11170.21,54030.12,N
02/24/2022,02:00,21775.38,14173.13,6533.85,11079.11,53561.46,N
02/24/2022,03:00,21837.23,14141.33,6570.39,11057.59,53606.55,N
02/24/2022,04:00,22000.77,14259.72,6627.52,11051.18,53939.19,N
02/24/2022,05:00,22338.76,14557.30,6673.88,11287.35,54857.29,N
02/24/2022,06:00,22834.95,15303.32,6710.25,11934.91,56783.43,N
02/24/2022,07:00,23575.71,16315.47,6798.35,12688.04,59377.58,N
02/24/2022,08:00,23962.25,16865.50,6849.07,12899.46,60576.28,N
02/24/2022,09:00,24295.95,16886.62,6795.73,12969.60,60947.90,N
02/24/2022,10:00,24524.54,16900.10,6682.86,12948.49,61055.98,N
02/24/2022,11:00,24647.07,16762.14,6598.36,12759.09,60766.67,N
02/24/2022,12:00,24704.03,16613.23,6550.31,12638.49,60506.06,N
02/24/2022,13:00,24462.67,16203.01,6423.81,12645.57,59735.07,N
02/24/2022,14:00,23915.44,15794.89,6275.07,12693.22,58678.61,N
02/24/2022,15:00,23389.34,15380.12,6196.54,12740.91,57706.90,N
02/24/2022,16:00,23159.88,15177.78,6141.90,12848.18,57327.74,N
02/24/2022,17:00,23192.67,15242.71,6090.35,13104.81,57630.54,N
02/24/2022,18:00,23494.56,15599.84,6029.71,13460.12,58584.24,N
02/24/2022,19:00,24045.77,16157.97,6231.67,13781.41,60216.81,N
02/24/2022,20:00,23973.67,16367.59,6432.10,13866.66,60640.02,N
02/24/2022,21:00,23741.29,16299.68,6493.92,13754.91,60289.79,N
02/24/2022,22:00,23084.04,16011.51,6495.81,13513.18,59104.54,N
02/24/2022,23:00,22112.95,15410.82,6409.54,13002.05,56935.35,N
02/24/2022,24:00,21377.90,14862.75,6324.34,12548.89,55113.88,N
02/23/2022,01:00,17230.05,9268.80,6099.50,9715.04,42313.39,N
02/23/2022,02:00,17211.67,8943.45,6111.60,9338.73,41605.45,N
02/23/2022,03:00,17316.34,8823.01,6147.07,9039.04,41325.46,N
02/23/2022,04:00,17652.72,8838.51,6198.18,8890.30,41579.70,N
02/23/2022,05:00,18449.00,9100.46,6255.00,8970.49,42774.95,N
02/23/2022,06:00,19740.45,9812.30,6422.92,9350.18,45325.84,N
02/23/2022,07:00,21757.91,11021.64,6599.50,9998.18,49377.23,N
02/23/2022,08:00,23025.30,11906.30,6703.70,10335.89,51971.19,N
02/23/2022,09:00,23583.86,12425.22,6719.58,10526.92,53255.58,N
02/23/2022,10:00,24057.07,12995.48,6747.32,10749.03,54548.90,N
02/23/2022,11:00,24485.74,13478.83,6715.40,10992.66,55672.63,N
02/23/2022,12:00,24795.55,13856.93,6664.92,11177.28,56494.68,N
02/23/2022,13:00,24907.24,14220.78,6608.78,11310.74,57047.55,N
02/23/2022,14:00,24889.49,14450.88,6590.99,11492.22,57423.59,N
02/23/2022,15:00,24644.26,14587.66,6509.44,11589.97,57331.33,N
02/23/2022,16:00,24538.30,14711.51,6436.18,11775.85,57461.83,N
02/23/2022,17:00,24797.98,15121.67,6467.17,12069.77,58456.59,N
02/23/2022,18:00,25245.22,15657.91,6560.25,12515.03,59978.40,N
02/23/2022,19:00,25587.72,16311.09,6713.19,12894.05,61506.05,N
02/23/2022,20:00,25275.46,16621.31,6787.16,12971.84,61655.77,N
02/23/2022,21:00,24760.52,16496.23,6815.44,12911.18,60983.36,N
02/23/2022,22:00,23974.95,16011.95,6744.54,12491.22,59222.66,N
02/23/2022,23:00,23112.73,15419.52,6672.87,12025.16,57230.28,N
02/23/2022,24:00,22376.29,14689.50,6572.83,11515.56,55154.18,N
02/22/2022,01:00,11623.19,9369.72,5266.89,9968.74,36228.54,N
02/22/2022,02:00,11096.21,8935.14,5217.13,9524.01,34772.50,N
02/22/2022,03:00,10752.54,8625.89,5184.54,9316.28,33879.25,N
02/22/2022,04:00,10559.02,8481.25,5199.70,9210.82,33450.79,N
02/22/2022,05:00,10710.83,8531.44,5242.14,9313.97,33798.39,N
02/22/2022,06:00,11375.66,8897.75,5328.37,9718.74,35320.53,N
02/22/2022,07:00,12694.67,9744.58,5512.35,10340.07,38291.67,N
02/22/2022,08:00,13384.42,10126.29,5592.75,10560.98,39664.45,N
02/22/2022,09:00,13665.03,10267.14,5550.63,10805.44,40288.25,N
02/22/2022,10:00,14059.77,10446.72,5520.76,11122.23,41149.48,N
02/22/2022,11:00,14557.90,10732.55,5538.36,11466.31,42295.12,N
02/22/2022,12:00,14771.77,11185.49,5548.15,11811.71,43317.13,N
02/22/2022,13:00,14851.72,11718.62,5518.11,11872.40,43960.86,N
02/22/2022,14:00,14770.00,12221.39,5511.05,11975.30,44477.75,N
02/22/2022,15:00,14692.70,12593.40,5527.08,12097.82,44911.00,N
02/22/2022,16:00,14737.55,12868.60,5535.26,12268.14,45409.55,N
02/22/2022,17:00,15100.05,12964.58,5582.99,12246.93,45894.55,N
02/22/2022,18:00,15801.11,12778.42,5617.29,12171.11,46367.93,N
02/22/2022,19:00,17095.95,12600.54,5789.46,12188.38,47674.32,N
02/22/2022,20:00,17960.56,12433.21,6023.96,12119.39,48537.12,N
02/22/2022,21:00,18297.60,11934.13,6138.29,11899.06,48269.07,N
02/22/2022,22:00,18179.07,11340.52,6177.39,11530.78,47227.76,N
02/22/2022,23:00,17771.24,10598.42,6113.08,10948.63,45431.38,N
02/22/2022,24:00,17448.56,9864.41,6086.51,10308.23,43707.71,N
02/21/2022,01:00,11473.82,8618.44,5400.55,9041.06,34533.86,N
02/21/2022,02:00,11153.48,8312.61,5379.00,8866.06,33711.16,N
02/21/2022,03:00,10996.16,8134.57,5367.36,8789.91,33288.00,N
02/21/2022,04:00,10967.31,8083.70,5369.67,8799.26,33219.93,N
02/21/2022,05:00,11236.17,8219.53,5400.67,8998.97,33855.35,N
02/21/2022,06:00,11871.59,8633.07,5509.08,9393.14,35406.87,N
02/21/2022,07:00,12922.04,9366.99,5659.03,9957.34,37905.40,N
02/21/2022,08:00,13598.65,9746.29,5739.56,10306.57,39391.06,N
02/21/2022,09:00,13900.85,9988.47,5662.03,10649.36,40200.70,N
02/21/2022,10:00,14160.78,10244.15,5573.43,10934.07,40912.43,N
02/21/2022,11:00,14310.24,10448.49,5477.21,11219.15,41455.09,N
02/21/2022,12:00,14264.47,10691.23,5443.78,11470.95,41870.43,N
02/21/2022,13:00,14226.94,10998.61,5458.81,11610.20,42294.56,N
02/21/2022,14:00,14310.57,11401.11,5479.66,11880.32,43071.66,N
02/21/2022,15:00,14342.86,11784.11,5477.80,12113.09,43717.86,N
02/21/2022,16:00,14411.78,12125.19,5486.44,12293.52,44316.94,N
02/21/2022,17:00,14568.22,12410.55,5521.47,12301.09,44801.34,N
02/21/2022,18:00,14817.48,12502.01,5568.59,12113.98,45002.06,N
02/21/2022,19:00,15287.15,12598.78,5687.18,12058.62,45631.73,N
02/21/2022,20:00,15401.24,12586.30,5733.49,12039.68,45760.72,N
02/21/2022,21:00,15107.56,12195.75,5693.42,11848.39,44845.12,N
02/21/2022,22:00,14459.69,11658.18,5593.94,11583.79,43295.60,N
02/21/2022,23:00,13560.98,10880.97,5476.90,11096.26,41015.11,N
02/21/2022,24:00,12557.66,10089.51,5362.25,10465.80,38475.23,N
02/20/2022,01:00,13496.58,9960.91,5712.96,10141.59,39312.04,N
02/20/2022,02:00,13505.03,9845.79,5703.70,9943.98,38998.50,N
02/20/2022,03:00,13561.87,9830.60,5722.90,9791.18,38906.54,N
02/20/2022,04:00,13718.16,9880.14,5727.54,9719.25,39045.09,N
02/20/2022,05:00,13966.97,10041.74,5719.24,9713.36,39441.30,N
02/20/2022,06:00,14490.01,10317.75,5801.19,9804.88,40413.83,N
02/20/2022,07:00,15120.88,10688.09,5902.09,9982.65,41693.71,N
02/20/2022,08:00,15717.51,11087.53,5954.83,10143.59,42903.46,N
02/20/2022,09:00,15660.55,11312.01,5891.67,10423.69,43287.92,N
02/20/2022,10:00,15243.07,11205.09,5796.07,10535.28,42779.51,N
02/20/2022,11:00,14628.58,10683.83,5668.78,10005.71,40986.91,N
02/20/2022,12:00,13872.58,10210.44,5543.52,9725.72,39352.26,N
02/20/2022,13:00,13352.58,9789.41,5478.50,9645.68,38266.17,N
02/20/2022,14:00,13031.73,9459.87,5417.19,9577.93,37486.72,N
02/20/2022,15:00,12892.92,9477.94,5415.08,9615.67,37401.60,N
02/20/2022,16:00,12767.28,9543.57,5381.04,9714.75,37406.65,N
02/20/2022,17:00,12906.03,9717.10,5415.29,9750.29,37788.71,N
02/20/2022,18:00,13219.20,9970.95,5464.99,9894.21,38549.35,N
02/20/2022,19:00,13882.96,10321.26,5548.79,10113.09,39866.09,N
02/20/2022,20:00,14141.63,10646.23,5668.98,10200.13,40656.97,N
02/20/2022,21:00,13950.44,10513.90,5683.52,10100.76,40248.63,N
02/20/2022,22:00,13528.41,10208.28,5629.30,9942.27,39308.27,N
02/20/2022,23:00,12863.84,9677.34,5540.78,9675.15,37757.11,N
02/20/2022,24:00,12090.18,9126.33,5448.78,9300.97,35966.26,N
02/19/2022,01:00,16307.86,10956.72,5809.54,10766.68,43840.81,N
02/19/2022,02:00,16323.83,10894.42,5845.48,10649.57,43713.29,N
02/19/2022,03:00,16472.66,10957.94,5877.33,10617.10,43925.04,N
02/19/2022,04:00,16729.33,11100.24,5914.66,10644.97,44389.20,N
02/19/2022,05:00,17162.19,11388.33,5969.60,10763.88,45284.00,N
02/19/2022,06:00,17921.93,11845.24,6066.70,11049.20,46883.08,N
02/19/2022,07:00,18898.22,12469.83,6187.01,11497.85,49052.91,N
02/19/2022,08:00,19489.42,13059.10,6274.93,11805.66,50629.12,N
02/19/2022,09:00,18785.95,12800.47,6163.44,11997.83,49747.69,N
02/19/2022,10:00,17488.96,12061.51,5977.75,11795.83,47324.05,N
02/19/2022,11:00,16180.50,11347.62,5811.57,11508.08,44847.78,N
02/19/2022,12:00,14985.16,10558.93,5648.29,11175.53,42367.91,N
02/19/2022,13:00,14046.19,9991.73,5510.69,10782.75,40331.36,N
02/19/2022,14:00,13346.22,9624.13,5419.96,10501.12,38891.42,N
02/19/2022,15:00,12857.83,9399.57,5365.44,10309.06,37931.90,N
02/19/2022,16:00,12663.01,9361.19,5355.23,10229.25,37608.68,N
02/19/2022,17:00,12706.55,9455.08,5388.23,10236.48,37786.34,N
02/19/2022,18:00,12905.33,9634.73,5373.51,10291.47,38205.04,N
02/19/2022,19:00,13459.36,10097.47,5483.39,10636.28,39676.49,N
02/19/2022,20:00,13921.99,10439.52,5629.29,10779.98,40770.78,N
02/19/2022,21:00,14143.80,10516.49,5691.08,10731.40,41082.76,N
02/19/2022,22:00,14141.53,10533.09,5748.19,10650.12,41072.93,N
02/19/2022,23:00,13995.40,10433.76,5733.89,10501.70,40664.75,N
02/19/2022,24:00,13678.41,10183.30,5722.49,10310.86,39895.07,N
02/18/2022,01:00,18503.53,10886.02,6137.97,10294.69,45822.21,N
02/18/2022,02:00,18364.00,10865.60,6120.41,10311.36,45661.37,N
02/18/2022,03:00,18537.99,11040.06,6123.54,10422.90,46124.48,N
02/18/2022,04:00,18955.05,11270.52,6198.74,10652.22,47076.52,N
02/18/2022,05:00,19569.21,11648.31,6257.18,11027.27,48501.97,N
02/18/2022,06:00,20504.26,12568.90,6368.69,11811.65,51253.51,N
02/18/2022,07:00,22215.27,14049.87,6525.93,12746.12,55537.18,N
02/18/2022,08:00,23005.55,14911.42,6566.19,13265.67,57748.83,N
02/18/2022,09:00,22146.01,14718.70,6383.78,13652.99,56901.48,N
02/18/2022,10:00,20832.82,13975.78,6167.59,13638.46,54614.65,N
02/18/2022,11:00,19637.27,13063.67,6026.70,13309.56,52037.19,N
02/18/2022,12:00,18331.51,12148.74,5864.74,12882.94,49227.92,N
02/18/2022,13:00,17032.15,11366.66,5704.05,12334.56,46437.43,N
02/18/2022,14:00,16033.01,10735.17,5582.78,11983.76,44334.72,N
02/18/2022,15:00,15155.64,10366.77,5474.64,11614.73,42611.79,N
02/18/2022,16:00,14516.82,10136.50,5442.82,11347.09,41443.22,N
02/18/2022,17:00,14352.83,10121.86,5455.18,11200.88,41130.75,N
02/18/2022,18:00,14671.31,10342.23,5436.33,11250.25,41700.12,N
02/18/2022,19:00,15759.91,10995.31,5638.20,11619.52,44012.94,N
02/18/2022,20:00,16381.79,11501.96,5779.90,11731.77,45395.43,N
02/18/2022,21:00,16751.58,11558.94,5796.77,11689.27,45796.56,N
02/18/2022,22:00,16861.39,11541.18,5816.16,11569.87,45788.60,N
02/18/2022,23:00,16744.39,11393.57,5816.27,11301.59,45255.82,N
02/18/2022,24:00,16494.88,11114.82,5798.46,11009.92,44418.08,N
02/17/2022,01:00,11274.44,8778.45,5120.89,9612.42,34786.19,N
02/17/2022,02:00,10787.36,8409.28,5097.78,9370.83,33665.24,N
02/17/2022,03:00,10558.15,8139.02,5150.00,9253.78,33100.95,N
02/17/2022,04:00,10450.24,8074.19,5150.07,9193.73,32868.24,N
02/17/2022,05:00,10623.26,8194.26,5187.38,9364.84,33369.73,N
02/17/2022,06:00,11354.63,8634.10,5327.03,9847.18,35162.94,N
02/17/2022,07:00,12730.84,9484.04,5523.05,10570.23,38308.16,N
02/17/2022,08:00,13584.70,9903.75,5683.93,10973.80,40146.18,N
02/17/2022,09:00,13993.23,9919.48,5747.26,11160.55,40820.52,N
02/17/2022,10:00,14724.23,10054.75,5851.12,11377.21,42007.31,N
02/17/2022,11:00,15536.28,10089.32,5887.04,11654.96,43167.59,N
02/17/2022,12:00,16263.24,10310.26,5889.09,11820.20,44282.79,N
02/17/2022,13:00,16924.52,10461.93,5828.29,11878.18,45092.93,N
02/17/2022,14:00,17247.00,10546.01,5779.39,12038.21,45610.61,N
02/17/2022,15:00,17381.87,10657.97,5763.90,12192.93,45996.67,N
02/17/2022,16:00,17764.26,10662.02,5804.79,12101.32,46332.39,N
02/17/2022,17:00,18616.61,10774.00,5887.24,11755.96,47033.80,N
02/17/2022,18:00,19543.79,10834.10,5895.60,11238.30,47511.80,N
02/17/2022,19:00,20515.67,11280.80,6081.09,11112.33,48989.89,N
02/17/2022,20:00,20797.60,11732.41,6321.28,11078.14,49929.42,N
02/17/2022,21:00,20840.97,11778.20,6397.55,11033.19,50049.91,N
02/17/2022,22:00,20461.11,11783.99,6362.23,10882.57,49489.91,N
02/17/2022,23:00,19564.37,11455.95,6275.20,10580.60,47876.11,N
02/17/2022,24:00,18873.60,11062.82,6191.56,10356.16,46484.13,N
02/16/2022,01:00,11327.67,8542.59,5334.12,9307.43,34511.81,N
02/16/2022,02:00,10966.27,8285.86,5289.18,9091.82,33633.12,N
02/16/2022,03:00,10732.44,8112.23,5270.55,8967.15,33082.37,N
02/16/2022,04:00,10701.25,8114.16,5278.49,8953.34,33047.25,N
02/16/2022,05:00,10906.00,8297.89,5320.51,9133.63,33658.03,N
02/16/2022,06:00,11674.92,8780.69,5417.35,9617.42,35490.37,N
02/16/2022,07:00,13050.88,9736.59,5586.32,10287.14,38660.93,N
02/16/2022,08:00,13675.28,10187.17,5649.66,10551.48,40063.59,N
02/16/2022,09:00,13780.57,10214.01,5594.38,10718.66,40307.62,N
02/16/2022,10:00,13866.40,10298.25,5553.43,10864.80,40582.89,N
02/16/2022,11:00,13991.78,10426.54,5536.86,11064.43,41019.61,N
02/16/2022,12:00,14084.09,10487.00,5493.68,11277.66,41342.43,N
02/16/2022,13:00,14092.05,10454.19,5416.03,11316.74,41279.01,N
02/16/2022,14:00,14045.24,10430.98,5366.04,11437.15,41279.41,N
02/16/2022,15:00,14006.83,10495.40,5384.56,11478.56,41365.35,N
02/16/2022,16:00,13937.48,10638.70,5442.30,11393.38,41411.86,N
02/16/2022,17:00,14021.72,10867.86,5539.91,11344.50,41774.00,N
02/16/2022,18:00,14225.76,11118.18,5594.06,11377.11,42315.11,N
02/16/2022,19:00,14732.06,11358.57,5635.66,11523.42,43249.70,N
02/16/2022,20:00,14764.00,11514.05,5717.84,11487.97,43483.86,N
02/16/2022,21:00,14471.40,11258.96,5666.89,11290.60,42687.86,N
02/16/2022,22:00,13897.93,10823.51,5521.76,10974.20,41217.40,N
02/16/2022,23:00,12975.81,10090.55,5328.55,10474.97,38869.88,N
02/16/2022,24:00,11988.89,9364.32,5219.19,9986.06,36558.45,N
02/15/2022,01:00,12536.75,9674.78,5520.42,9986.47,37718.42,N
02/15/2022,02:00,12449.31,9543.18,5507.68,9905.61,37405.78,N
02/15/2022,03:00,12461.51,9634.23,5523.65,9905.15,37524.54,N
02/15/2022,04:00,12785.18,9859.40,5552.70,10007.52,38204.79,N
02/15/2022,05:00,13351.88,10302.33,5628.21,10266.01,39548.43,N
02/15/2022,06:00,14530.58,11149.36,5759.49,10847.72,42287.15,N
02/15/2022,07:00,16322.69,12491.43,5967.86,11633.65,46415.63,N
02/15/2022,08:00,17009.96,13031.29,6043.58,11809.84,47894.67,N
02/15/2022,09:00,16394.73,12317.05,5904.51,11624.90,46241.18,N
02/15/2022,10:00,15653.35,11389.93,5744.54,11365.25,44153.06,N
02/15/2022,11:00,14971.23,10699.24,5627.81,11196.81,42495.09,N
02/15/2022,12:00,14374.73,10290.46,5556.55,11129.33,41351.06,N
02/15/2022,13:00,13885.54,10019.22,5463.31,10997.17,40365.24,N
02/15/2022,14:00,13632.26,9870.23,5477.97,10976.44,39956.90,N
02/15/2022,15:00,13435.24,9867.14,5487.07,10933.95,39723.40,N
02/15/2022,16:00,13328.19,9982.01,5511.40,10902.30,39723.91,N
02/15/2022,17:00,13415.72,10147.15,5523.71,10853.93,39940.51,N
02/15/2022,18:00,13683.89,10372.82,5548.63,10853.07,40458.40,N
02/15/2022,19:00,14368.46,10802.54,5646.74,11064.44,41882.18,N
02/15/2022,20:00,14666.86,11077.80,5672.99,11104.03,42521.69,N
02/15/2022,21:00,14471.27,10877.93,5638.77,10946.40,41934.36,N
02/15/2022,22:00,13933.91,10494.33,5581.47,10651.14,40660.85,N
02/15/2022,23:00,12933.52,9834.76,5476.10,10176.96,38421.35,N
02/15/2022,24:00,12034.10,9142.73,5380.43,9672.35,36229.62,N
02/14/2022,01:00,14098.94,10740.48,5649.42,10590.68,41079.52,N
02/14/2022,02:00,14089.72,10787.72,5669.86,10536.70,41084.00,N
02/14/2022,03:00,14207.53,10936.78,5677.75,10571.88,41393.95,N
02/14/2022,04:00,14614.57,11217.38,5718.51,10719.16,42269.63,N
02/14/2022,05:00,15257.91,11723.05,5787.46,11093.02,43861.44,N
02/14/2022,06:00,16458.87,12691.05,5928.43,11786.02,46864.37,N
02/14/2022,07:00,18323.94,14084.07,6149.54,12737.78,51295.33,N
02/14/2022,08:00,19050.31,14778.67,6254.56,13071.55,53155.10,N
02/14/2022,09:00,18187.31,14014.99,6099.00,12838.15,51139.45,N
02/14/2022,10:00,16856.25,12815.16,5913.24,12347.88,47932.53,N
02/14/2022,11:00,15805.91,11731.80,5718.09,11928.55,45184.35,N
02/14/2022,12:00,14889.67,10872.59,5594.30,11546.26,42902.83,N
02/14/2022,13:00,14246.11,10277.20,5491.04,11179.87,41194.22,N
02/14/2022,14:00,13888.44,9924.08,5461.86,11023.90,40298.29,N
02/14/2022,15:00,13479.23,9719.85,5463.92,10847.82,39510.82,N
02/14/2022,16:00,13301.95,9678.13,5444.34,10765.91,39190.33,N
02/14/2022,17:00,13388.86,9827.85,5445.84,10694.14,39356.69,N
02/14/2022,18:00,13558.01,10097.11,5405.95,10707.08,39768.14,N
02/14/2022,19:00,14290.38,10655.62,5537.61,11013.68,41497.29,N
02/14/2022,20:00,14684.93,11067.07,5696.36,11142.44,42590.80,N
02/14/2022,21:00,14682.60,11118.56,5726.36,11078.31,42605.82,N
02/14/2022,22:00,14344.70,10936.13,5697.06,10903.86,41881.74,N
02/14/2022,23:00,13646.90,10487.94,5608.34,10567.50,40310.69,N
02/14/2022,24:00,12889.88,9984.75,5548.43,10210.49,38633.55,N
02/13/2022,01:00,17732.39,12425.73,6005.29,11704.17,47867.57,N
02/13/2022,02:00,17737.10,12478.27,5993.11,11643.43,47851.90,N
02/13/2022,03:00,17862.37,12555.96,6026.44,11670.17,48114.94,N
02/13/2022,04:00,18068.11,12757.79,6056.84,11781.54,48664.29,N
02/13/2022,05:00,18370.10,12999.39,6077.50,12018.44,49465.43,N
02/13/2022,06:00,18854.89,13413.51,6118.37,12310.25,50697.02,N
02/13/2022,07:00,19540.38,14024.12,6227.88,12649.82,52442.20,N
02/13/2022,08:00,20051.80,14553.43,6312.00,12864.48,53781.71,N
02/13/2022,09:00,19577.66,14248.76,6207.16,12865.12,52898.70,N
02/13/2022,10:00,18396.05,13370.42,6035.55,12668.78,50470.81,N
02/13/2022,11:00,17091.22,12298.80,5828.10,12336.85,47554.97,N
02/13/2022,12:00,15860.38,11313.13,5662.97,11870.28,44706.76,N
02/13/2022,13:00,14788.01,10585.80,5522.55,11376.10,42272.46,N
02/13/2022,14:00,13944.24,10060.83,5427.90,10940.13,40373.10,N
02/13/2022,15:00,13308.07,9702.43,5366.74,10631.63,39008.87,N
02/13/2022,16:00,13021.46,9602.21,5320.17,10444.44,38388.28,N
02/13/2022,17:00,13105.83,9709.54,5311.98,10378.77,38506.12,N
02/13/2022,18:00,13262.38,9886.39,5297.36,10464.96,38911.09,N
02/13/2022,19:00,13817.15,10311.71,5414.13,10868.89,40411.87,N
02/13/2022,20:00,14171.86,10693.04,5522.34,11127.94,41515.18,N
02/13/2022,21:00,14471.24,10933.71,5572.48,11280.80,42258.24,N
02/13/2022,22:00,14880.81,11250.00,5650.08,11375.50,43156.38,N
02/13/2022,23:00,14721.54,11208.10,5691.16,11189.62,42810.43,N
02/13/2022,24:00,14311.84,10911.27,5657.09,10870.48,41750.68,N
02/12/2022,01:00,11725.06,8773.99,5458.93,9450.21,35408.20,N
02/12/2022,02:00,11449.30,8527.14,5450.70,9307.08,34734.22,N
02/12/2022,03:00,11389.11,8456.12,5505.35,9205.84,34556.42,N
02/12/2022,04:00,11538.04,8443.56,5562.83,9202.61,34747.05,N
02/12/2022,05:00,11819.62,8470.95,5617.99,9272.90,35181.46,N
02/12/2022,06:00,12513.53,8710.37,5732.26,9472.32,36428.48,N
02/12/2022,07:00,13459.41,9088.86,5884.37,9800.06,38232.70,N
02/12/2022,08:00,14642.49,9704.66,6050.13,10086.80,40484.08,N
02/12/2022,09:00,15881.89,10263.32,6165.03,10383.54,42693.79,N
02/12/2022,10:00,17072.10,10677.77,6249.99,10574.94,44574.80,N
02/12/2022,11:00,17911.39,10852.38,6221.70,10769.61,45755.08,N
02/12/2022,12:00,18263.99,10827.95,6139.32,10783.31,46014.57,N
02/12/2022,13:00,18252.21,10921.14,6041.13,10769.80,45984.28,N
02/12/2022,14:00,17532.07,11043.02,5931.82,10928.09,45435.00,N
02/12/2022,15:00,16503.41,10841.90,5745.38,11101.52,44192.21,N
02/12/2022,16:00,15732.87,10644.77,5631.38,11249.97,43258.98,N
02/12/2022,17:00,15536.76,10645.45,5584.50,11321.70,43088.41,N
02/12/2022,18:00,16005.39,11020.36,5628.36,11508.20,44162.31,N
02/12/2022,19:00,17321.87,11817.72,5858.44,12014.35,47012.38,N
02/12/2022,20:00,17897.37,12339.75,6051.80,12217.90,48506.82,N
02/12/2022,21:00,18168.76,12528.68,6101.98,12256.08,49055.51,N
02/12/2022,22:00,18262.46,12655.04,6134.12,12194.18,49245.79,N
02/12/2022,23:00,18088.63,12625.08,6103.40,12009.42,48826.52,N
02/12/2022,24:00,17848.51,12488.74,6054.03,11834.01,48225.30,N
02/11/2022,01:00,12562.50,9159.77,5552.61,9627.47,36902.35,N
02/11/2022,02:00,12540.51,9103.96,5601.56,9517.88,36763.91,N
02/11/2022,03:00,12705.70,9145.90,5599.68,9533.37,36984.66,N
02/11/2022,04:00,12907.09,9337.51,5610.77,9647.92,37503.29,N
02/11/2022,05:00,13465.09,9692.27,5644.13,9948.73,38750.22,N
02/11/2022,06:00,14505.27,10488.44,5783.12,10651.62,41428.44,N
02/11/2022,07:00,16014.88,11723.26,5985.85,11505.14,45229.13,N
02/11/2022,08:00,16791.69,12283.13,6060.87,11862.24,46997.93,N
02/11/2022,09:00,16399.76,11860.69,5909.51,11739.44,45909.39,N
02/11/2022,10:00,15555.43,11146.47,5685.20,11474.51,43861.61,N
02/11/2022,11:00,14863.05,10544.84,5553.09,11273.70,42234.68,N
02/11/2022,12:00,14179.93,10079.93,5535.29,11116.49,40911.64,N
02/11/2022,13:00,13787.70,9843.25,5448.56,11026.92,40106.44,N
02/11/2022,14:00,13652.81,9795.64,5384.99,11033.61,39867.05,N
02/11/2022,15:00,13530.66,9817.69,5333.94,11035.36,39717.65,N
02/11/2022,16:00,13554.45,9922.07,5344.69,11045.45,39866.67,N
02/11/2022,17:00,13646.16,10135.74,5360.66,10951.38,40093.94,N
02/11/2022,18:00,13752.04,10311.29,5389.86,10843.71,40296.89,N
02/11/2022,19:00,14001.62,10509.54,5509.80,10919.30,40940.26,N
02/11/2022,20:00,14041.61,10547.36,5609.20,10861.49,41059.65,N
02/11/2022,21:00,13802.39,10364.71,5638.45,10689.72,40495.27,N
02/11/2022,22:00,13440.83,10099.51,5636.38,10455.00,39631.73,N
02/11/2022,23:00,12923.19,9709.85,5586.60,10126.79,38346.42,N
02/11/2022,24:00,12273.16,9251.49,5519.03,9766.39,36810.07,N
02/10/2022,01:00,13142.65,9603.02,5599.79,9784.99,38130.46,N
02/10/2022,02:00,13109.90,9584.55,5598.69,9725.52,38018.66,N
02/10/2022,03:00,13288.57,9708.94,5639.14,9776.79,38413.44,N
02/10/2022,04:00,13597.73,10000.62,5699.46,9942.45,39240.27,N
02/10/2022,05:00,14199.16,10476.54,5782.33,10292.64,40750.67,N
02/10/2022,06:00,15543.60,11350.50,5925.11,11021.65,43840.86,N
02/10/2022,07:00,17452.22,12762.79,6111.60,11949.24,48275.86,N
02/10/2022,08:00,18307.89,13383.06,6202.74,12286.46,50180.15,N
02/10/2022,09:00,17478.65,12824.37,6055.35,12018.69,48377.05,N
02/10/2022,10:00,16225.88,11885.64,5852.95,11618.62,45583.09,N
02/10/2022,11:00,15133.61,11063.93,5670.57,11334.76,43202.87,N
02/10/2022,12:00,14316.15,10354.73,5506.28,11098.99,41276.14,N
02/10/2022,13:00,13758.95,10034.46,5415.44,10928.99,40137.84,N
02/10/2022,14:00,13442.15,9891.51,5379.10,10898.02,39610.78,N
02/10/2022,15:00,13252.81,9837.22,5390.00,10865.03,39345.06,N
02/10/2022,16:00,13365.20,9805.04,5390.84,10844.08,39405.17,N
02/10/2022,17:00,13200.11,9927.96,5364.09,10829.38,39321.54,N
02/10/2022,18:00,13454.50,10206.18,5361.38,10786.62,39808.67,N
02/10/2022,19:00,14088.98,10683.43,5555.26,10996.59,41324.27,N
02/10/2022,20:00,14416.51,10933.17,5649.11,10978.83,41977.62,N
02/10/2022,21:00,14357.43,10818.86,5657.30,10877.62,41711.21,N
02/10/2022,22:00,14102.04,10562.55,5620.62,10642.73,40927.94,N
02/10/2022,23:00,13408.15,10106.53,5575.78,10242.64,39333.10,N
02/10/2022,24:00,12839.18,9541.80,5530.39,9859.95,37771.32,N
02/09/2022,01:00,13675.31,10681.25,5667.78,10265.58,40289.92,N
02/09/2022,02:00,13605.57,10708.58,5673.81,10238.00,40225.96,N
02/09/2022,03:00,13720.89,10921.21,5724.65,10333.63,40700.37,N
02/09/2022,04:00,14061.25,11247.66,5804.85,10519.20,41632.97,N
02/09/2022,05:00,14885.27,11821.07,5885.49,10924.17,43516.00,N
02/09/2022,06:00,16149.86,12764.16,5991.14,11635.53,46540.70,N
02/09/2022,07:00,18123.52,14127.23,6191.44,12554.39,50996.59,N
02/09/2022,08:00,19043.59,14683.43,6249.85,12794.35,52771.22,N
02/09/2022,09:00,18237.89,13818.86,6131.20,12611.30,50799.25,N
02/09/2022,10:00,16915.74,12539.19,5932.50,12164.99,47552.42,N
02/09/2022,11:00,15818.71,11421.46,5751.15,11784.24,44775.56,N
02/09/2022,12:00,14863.30,10608.54,5543.07,11409.48,42424.39,N
02/09/2022,13:00,14144.37,10089.08,5440.01,11114.66,40788.12,N
02/09/2022,14:00,13768.79,9865.04,5371.12,10991.41,39996.36,N
02/09/2022,15:00,13451.96,9753.00,5352.48,10882.19,39439.63,N
02/09/2022,16:00,13266.75,9714.46,5308.16,10842.48,39131.85,N
02/09/2022,17:00,13345.12,9893.75,5310.70,10823.55,39373.12,N
02/09/2022,18:00,13635.36,10174.89,5337.03,10832.59,39979.87,N
02/09/2022,19:00,14400.46,10688.00,5541.13,11055.79,41685.37,N
02/09/2022,20:00,14624.16,11058.15,5668.70,11011.92,42362.94,N
02/09/2022,21:00,14706.65,11047.40,5685.80,10911.93,42351.77,N
02/09/2022,22:00,14410.48,10852.39,5660.94,10727.20,41651.01,N
02/09/2022,23:00,13916.59,10384.41,5629.30,10392.45,40322.74,N
02/09/2022,24:00,13357.91,9873.01,5625.11,10042.01,38898.04,N
02/08/2022,01:00,15909.33,11499.51,5887.34,10230.97,43527.15,N
02/08/2022,02:00,16012.06,11598.29,5914.21,10221.42,43745.98,N
02/08/2022,03:00,16299.71,11878.21,5968.38,10309.83,44456.14,N
02/08/2022,04:00,16708.45,12219.60,6021.18,10528.95,45478.18,N
02/08/2022,05:00,17445.61,12806.11,6117.91,10960.23,47329.86,N
02/08/2022,06:00,18651.63,13796.85,6268.88,11814.00,50531.36,N
02/08/2022,07:00,20403.29,15248.20,6459.95,12803.27,54914.71,N
02/08/2022,08:00,21075.81,15884.42,6550.26,13130.04,56640.53,N
02/08/2022,09:00,20021.47,14987.32,6373.04,12821.94,54203.77,N
02/08/2022,10:00,18419.14,13549.81,6076.86,12312.70,50358.50,N
02/08/2022,11:00,17086.29,12239.83,5860.87,11882.21,47069.21,N
02/08/2022,12:00,15991.13,11268.23,5725.42,11492.93,44477.71,N
02/08/2022,13:00,15073.34,10614.32,5590.24,11174.58,42452.48,N
02/08/2022,14:00,14470.69,10243.96,5473.22,10978.67,41166.53,N
02/08/2022,15:00,13936.37,10015.24,5417.29,10787.19,40156.09,N
02/08/2022,16:00,13735.69,9877.24,5378.09,10691.75,39682.77,N
02/08/2022,17:00,13881.85,9969.25,5385.29,10678.60,39914.99,N
02/08/2022,18:00,14162.98,10282.82,5410.63,10770.20,40626.62,N
02/08/2022,19:00,15076.17,11119.42,5564.49,11174.81,42934.89,N
02/08/2022,20:00,15494.39,11591.18,5707.34,11325.89,44118.80,N
02/08/2022,21:00,15606.96,11721.26,5677.04,11307.68,44312.94,N
02/08/2022,22:00,15374.73,11646.07,5688.86,11153.50,43863.16,N
02/08/2022,23:00,14752.29,11305.01,5686.31,10846.66,42590.27,N
02/08/2022,24:00,14026.53,10899.16,5685.09,10494.99,41105.77,N
02/07/2022,01:00,16012.63,10497.41,5825.91,10285.41,42621.36,N
02/07/2022,02:00,16001.79,10350.61,5826.98,10176.85,42356.22,N
02/07/2022,03:00,16220.53,10408.04,5857.31,10175.56,42661.44,N
02/07/2022,04:00,16641.36,10624.38,5927.02,10298.11,43490.86,N
02/07/2022,05:00,17382.14,11059.66,6040.82,10594.19,45076.80,N
02/07/2022,06:00,18663.25,11897.80,6200.93,11174.19,47936.18,N
02/07/2022,07:00,20436.80,13200.79,6404.49,12011.56,52053.64,N
02/07/2022,08:00,21311.22,13918.99,6497.98,12421.52,54149.70,N
02/07/2022,09:00,20401.59,13522.50,6327.03,12407.70,52658.82,N
02/07/2022,10:00,18997.55,12824.77,6113.23,12159.69,50095.25,N
02/07/2022,11:00,17782.94,12166.56,5948.61,11897.40,47795.51,N
02/07/2022,12:00,16753.66,11543.18,5797.62,11605.99,45700.45,N
02/07/2022,13:00,15952.73,10960.61,5656.58,11301.10,43871.01,N
02/07/2022,14:00,15249.58,10512.69,5577.80,11095.59,42435.65,N
02/07/2022,15:00,14721.37,10206.90,5514.68,10899.42,41342.37,N
02/07/2022,16:00,14394.41,10097.84,5471.22,10783.18,40746.65,N
02/07/2022,17:00,14493.78,10258.32,5474.44,10744.12,40970.67,N
02/07/2022,18:00,15068.80,10655.54,5500.13,10851.88,42076.35,N
02/07/2022,19:00,16379.14,11615.50,5790.79,11287.10,45072.54,N
02/07/2022,20:00,17010.49,12128.51,5968.34,11409.20,46516.53,N
02/07/2022,21:00,17263.66,12321.79,6017.02,11403.84,47006.31,N
02/07/2022,22:00,17128.77,12339.74,5987.98,11251.41,46707.89,N
02/07/2022,23:00,16608.88,11992.89,5913.03,10879.73,45394.53,N
02/07/2022,24:00,16095.29,11621.85,5880.20,10470.83,44068.17,N
02/06/2022,01:00,18980.13,14164.12,6076.41,12390.67,51611.34,N
02/06/2022,02:00,19024.28,14225.95,6099.11,12391.90,51741.23,N
02/06/2022,03:00,19233.96,14362.10,6091.75,12431.89,52119.71,N
02/06/2022,04:00,19439.21,14570.05,6111.48,12550.03,52670.77,N
02/06/2022,05:00,19749.89,14855.53,6155.22,12678.06,53438.70,N
02/06/2022,06:00,20221.76,15206.51,6225.69,12873.32,54527.28,N
02/06/2022,07:00,20841.69,15646.84,6296.19,13153.70,55938.41,N
02/06/2022,08:00,21424.91,16095.65,6354.53,13273.85,57148.94,N
02/06/2022,09:00,20991.49,15697.72,6235.74,13037.69,55962.65,N
02/06/2022,10:00,19815.07,14624.47,6047.94,12614.60,53102.08,N
02/06/2022,11:00,18514.73,13420.67,5869.13,12141.17,49945.69,N
02/06/2022,12:00,17304.87,12247.35,5682.27,11591.68,46826.17,N
02/06/2022,13:00,16342.52,11265.88,5553.55,11102.86,44264.81,N
02/06/2022,14:00,15378.16,10579.02,5454.18,10727.78,42139.15,N
02/06/2022,15:00,14660.14,10150.93,5400.35,10506.07,40717.49,N
02/06/2022,16:00,14248.97,9919.46,5363.18,10386.22,39917.82,N
02/06/2022,17:00,14250.77,9999.21,5359.53,10397.76,40007.27,N
02/06/2022,18:00,14823.12,10402.85,5443.77,10757.27,41427.01,N
02/06/2022,19:00,16056.64,11216.93,5659.11,11264.68,44197.36,N
02/06/2022,20:00,16746.98,11760.69,5844.96,11377.82,45730.45,N
02/06/2022,21:00,17102.53,11896.53,5909.19,11369.06,46277.32,N
02/06/2022,22:00,17114.95,11782.51,5916.13,11233.47,46047.04,N
02/06/2022,23:00,16659.99,11336.36,5887.43,10891.10,44774.88,N
02/06/2022,24:00,16223.39,10846.00,5840.43,10533.19,43443.01,N
02/05/2022,01:00,21565.43,16454.37,6212.50,13565.34,57797.64,N
02/05/2022,02:00,21588.92,16420.67,6211.00,13401.62,57622.21,N
02/05/2022,03:00,21727.15,16509.75,6223.14,13368.70,57828.73,N
02/05/2022,04:00,21972.70,16690.12,6240.74,13433.22,58336.77,N
02/05/2022,05:00,22502.82,17059.00,6283.19,13650.12,59495.13,N
02/05/2022,06:00,23146.78,17587.38,6327.93,13833.94,60896.04,N
02/05/2022,07:00,23922.33,18224.59,6394.46,14207.16,62748.54,N
02/05/2022,08:00,24505.23,18774.57,6475.81,14406.42,64162.03,N
02/05/2022,09:00,24124.96,18298.19,6400.40,14297.60,63121.15,N
02/05/2022,10:00,22879.02,16987.78,6196.77,14047.69,60111.27,N
02/05/2022,11:00,21320.72,15535.71,5973.57,13625.72,56455.72,N
02/05/2022,12:00,20051.88,14244.38,5799.53,13073.34,53169.13,N
02/05/2022,13:00,18969.19,13082.66,5673.65,12428.32,50153.82,N
02/05/2022,14:00,17982.93,12160.75,5510.12,11870.44,47524.25,N
02/05/2022,15:00,16993.58,11445.16,5408.11,11390.84,45237.69,N
02/05/2022,16:00,16343.27,10986.22,5344.94,11050.68,43725.11,N
02/05/2022,17:00,16217.65,10898.08,5337.13,10978.51,43431.37,N
02/05/2022,18:00,16882.55,11388.90,5435.96,11241.70,44949.11,N
02/05/2022,19:00,18336.31,12567.15,5680.19,12015.48,48599.13,N
02/05/2022,20:00,19074.79,13408.09,5926.66,12394.07,50803.62,N
02/05/2022,21:00,19537.91,13904.02,6042.34,12621.37,52105.64,N
02/05/2022,22:00,19660.25,14236.99,6086.23,12736.45,52719.91,N
02/05/2022,23:00,19461.44,14267.70,6062.71,12646.11,52437.95,N
02/05/2022,24:00,19166.95,14194.37,6064.52,12501.02,51926.85,N
02/04/2022,01:00,23865.03,17998.70,6403.56,13998.41,62265.70,N
02/04/2022,02:00,23738.55,17982.50,6362.92,13827.47,61911.44,N
02/04/2022,03:00,23731.02,18059.25,6329.02,13771.24,61890.53,N
02/04/2022,04:00,23708.02,18214.37,6314.10,13825.60,62062.09,N
02/04/2022,05:00,23891.09,18477.93,6311.46,14041.94,62722.42,N
02/04/2022,06:00,24350.20,18992.34,6393.39,14505.03,64240.98,N
02/04/2022,07:00,24986.97,19684.60,6452.27,15004.58,66128.42,N
02/04/2022,08:00,25558.50,20229.74,6492.77,15453.54,67734.56,N
02/04/2022,09:00,25895.10,20460.28,6412.00,15829.05,68596.42,N
02/04/2022,10:00,25908.91,20527.38,6295.58,16133.54,68865.41,N
02/04/2022,11:00,25413.92,20065.88,6151.03,16294.88,67925.71,N
02/04/2022,12:00,24539.81,19169.64,5976.51,16353.01,66038.97,N
02/04/2022,13:00,23531.51,18162.18,5862.32,16179.16,63735.18,N
02/04/2022,14:00,22478.31,17121.45,5756.12,15944.60,61300.49,N
02/04/2022,15:00,21507.23,16314.22,5634.80,15662.53,59118.78,N
02/04/2022,16:00,20753.58,15740.06,5543.35,15536.84,57573.84,N
02/04/2022,17:00,20467.84,15512.93,5548.31,15514.51,57043.59,N
02/04/2022,18:00,20948.76,15944.09,5561.38,15633.32,58087.54,N
02/04/2022,19:00,22353.59,16897.69,5848.41,15833.26,60932.94,N
02/04/2022,20:00,22721.18,17203.06,6060.32,15700.02,61684.58,N
02/04/2022,21:00,22664.21,17187.62,6125.23,15484.53,61461.60,N
02/04/2022,22:00,22512.37,17149.36,6154.72,15143.88,60960.34,N
02/04/2022,23:00,22134.98,16871.50,6204.68,14704.91,59916.07,N
02/04/2022,24:00,21786.62,16557.07,6205.67,14022.00,58571.36,N
02/03/2022,01:00,19833.02,11773.05,6369.11,9414.69,47389.88,N
02/03/2022,02:00,19813.24,11719.37,6349.61,9371.28,47253.50,N
02/03/2022,03:00,20052.65,11956.96,6384.20,9492.80,47886.60,N
02/03/2022,04:00,20539.70,12352.37,6390.31,9745.05,49027.43,N
02/03/2022,05:00,21094.12,12863.09,6438.66,10219.14,50615.01,N
02/03/2022,06:00,21833.57,13761.27,6495.52,10976.97,53067.32,N
02/03/2022,07:00,22871.16,14868.27,6521.92,12044.15,56305.50,N
02/03/2022,08:00,23760.69,15719.79,6596.43,12766.25,58843.15,N
02/03/2022,09:00,24386.97,16229.36,6610.71,13176.35,60403.40,N
02/03/2022,10:00,25020.33,16833.04,6639.09,13560.91,62053.37,N
02/03/2022,11:00,25506.93,17302.56,6612.45,13836.11,63258.06,N
02/03/2022,12:00,25630.11,17718.87,6554.02,14003.93,63906.93,N
02/03/2022,13:00,25459.74,18001.50,6470.56,14119.20,64051.00,N
02/03/2022,14:00,25156.49,18134.13,6429.04,14201.43,63921.09,N
02/03/2022,15:00,24912.23,18144.75,6386.46,14256.96,63700.41,N
02/03/2022,16:00,24918.24,18098.38,6372.97,14489.83,63879.41,N
02/03/2022,17:00,25201.74,18183.36,6419.90,14826.21,64631.21,N
02/03/2022,18:00,25776.96,18557.24,6457.83,15240.21,66032.23,N
02/03/2022,19:00,26446.87,19229.96,6597.52,15555.64,67829.99,N
02/03/2022,20:00,26217.54,19422.50,6647.88,15571.13,67859.06,N
02/03/2022,21:00,25888.91,19363.37,6631.82,15439.30,67323.40,N
02/03/2022,22:00,25436.13,19117.76,6558.89,15156.22,66268.99,N
02/03/2022,23:00,24734.44,18588.88,6480.14,14708.15,64511.62,N
02/03/2022,24:00,24174.72,18187.01,6451.47,14344.87,63158.08,N
02/02/2022,01:00,11360.65,8822.53,5446.27,9386.75,35016.20,N
02/02/2022,02:00,11013.98,8534.52,5441.27,9204.67,34194.44,N
02/02/2022,03:00,10875.65,8431.51,5472.87,9126.99,33907.02,N
02/02/2022,04:00,10844.45,8436.62,5496.09,9150.07,33927.23,N
02/02/2022,05:00,11167.83,8674.82,5587.87,9381.20,34811.72,N
02/02/2022,06:00,12109.75,9263.70,5737.41,9936.90,37047.76,N
02/02/2022,07:00,13676.01,10237.48,5928.36,10680.94,40522.79,N
02/02/2022,08:00,14844.25,10729.57,6072.66,11030.90,42677.38,N
02/02/2022,09:00,15286.88,10751.66,6151.80,11134.64,43324.98,N
02/02/2022,10:00,15729.47,10856.70,6224.37,11186.37,43996.91,N
02/02/2022,11:00,16301.59,10914.65,6224.93,11294.64,44735.80,N
02/02/2022,12:00,16773.58,11003.52,6209.28,11279.25,45265.63,N
02/02/2022,13:00,17195.87,11088.97,6240.22,11270.22,45795.28,N
02/02/2022,14:00,17515.78,11149.28,6300.57,11273.37,46238.99,N
02/02/2022,15:00,17734.41,11194.47,6301.93,11210.59,46441.39,N
02/02/2022,16:00,18087.24,11303.91,6273.31,11182.89,46847.36,N
02/02/2022,17:00,19132.40,11534.20,6357.79,11118.44,48142.83,N
02/02/2022,18:00,20468.61,11979.04,6485.08,11243.48,50176.22,N
02/02/2022,19:00,21462.01,12533.95,6640.64,11458.34,52094.94,N
02/02/2022,20:00,21724.78,12769.68,6685.96,11337.36,52517.79,N
02/02/2022,21:00,21675.92,12792.09,6628.19,11128.02,52224.22,N
02/02/2022,22:00,21305.46,12771.73,6589.91,10816.55,51483.65,N
02/02/2022,23:00,20723.66,12433.67,6508.28,10314.19,49979.79,N
02/02/2022,24:00,20178.55,12081.66,6415.88,9753.50,48429.59,N
02/01/2022,01:00,11757.80,8999.96,5484.94,9467.13,35709.83,N
02/01/2022,02:00,11331.01,8697.87,5489.54,9214.72,34733.13,N
02/01/2022,03:00,11195.48,8574.75,5502.83,9175.43,34448.48,N
02/01/2022,04:00,11219.67,8590.04,5499.74,9162.18,34471.62,N
02/01/2022,05:00,11525.55,8762.21,5509.49,9330.08,35127.34,N
02/01/2022,06:00,12409.67,9311.20,5615.77,9833.88,37170.51,N
02/01/2022,07:00,13760.80,10269.09,5747.35,10529.28,40306.53,N
02/01/2022,08:00,14537.71,10667.18,5863.52,10847.44,41915.85,N
02/01/2022,09:00,14467.13,10631.46,5819.02,10941.58,41859.20,N
02/01/2022,10:00,14447.06,10677.95,5718.15,11018.11,41861.27,N
02/01/2022,11:00,14234.88,10584.61,5635.70,11091.74,41546.92,N
02/01/2022,12:00,14020.84,10295.95,5519.74,11154.92,40991.45,N
02/01/2022,13:00,13804.90,10144.54,5415.67,11165.40,40530.51,N
02/01/2022,14:00,13615.69,10093.79,5336.84,11081.65,40127.98,N
02/01/2022,15:00,13450.55,10097.31,5327.20,10969.75,39844.81,N
02/01/2022,16:00,13301.20,10111.59,5306.17,10906.59,39625.55,N
02/01/2022,17:00,13370.62,10225.58,5362.97,10862.82,39821.99,N
02/01/2022,18:00,13613.92,10459.16,5476.46,10913.88,40463.42,N
02/01/2022,19:00,14329.48,10885.90,5620.01,11156.23,41991.62,N
02/01/2022,20:00,14375.64,11085.48,5683.77,11110.80,42255.69,N
02/01/2022,21:00,14131.11,10859.10,5674.23,10937.55,41602.00,N
02/01/2022,22:00,13584.92,10500.79,5654.39,10634.81,40374.92,N
02/01/2022,23:00,12823.51,9873.03,5614.65,10107.45,38418.64,N
02/01/2022,24:00,12022.85,9329.11,5521.05,9722.70,36595.72,N
01/31/2022,01:00,11702.59,8870.05,5475.99,9422.38,35471.00,N
01/31/2022,02:00,11571.92,8611.17,5453.27,9285.91,34922.26,N
01/31/2022,03:00,11598.51,8427.94,5477.39,9217.40,34721.23,N
01/31/2022,04:00,11751.16,8442.03,5485.13,9338.37,35016.70,N
01/31/2022,05:00,12262.53,8652.67,5544.74,9538.39,35998.34,N
01/31/2022,06:00,13352.93,9219.41,5664.93,10055.29,38292.57,N
01/31/2022,07:00,15049.27,10192.37,5835.86,10635.61,41713.11,N
01/31/2022,08:00,15951.22,10734.22,5943.91,10894.98,43524.33,N
01/31/2022,09:00,15658.80,10761.14,5861.46,10935.82,43217.23,N
01/31/2022,10:00,15223.28,10860.25,5729.96,11135.91,42949.40,N
01/31/2022,11:00,14809.75,10839.60,5627.69,11275.51,42552.55,N
01/31/2022,12:00,14482.79,10710.84,5561.89,11402.56,42158.07,N
01/31/2022,13:00,14211.77,10749.29,5496.90,11449.07,41907.03,N
01/31/2022,14:00,13998.77,10786.08,5460.60,11486.46,41731.92,N
01/31/2022,15:00,13735.34,10768.76,5393.47,11414.39,41311.96,N
01/31/2022,16:00,13645.53,10746.50,5394.62,11345.76,41132.41,N
01/31/2022,17:00,13782.51,10871.62,5383.03,11415.71,41452.87,N
01/31/2022,18:00,14101.05,11105.15,5416.78,11613.54,42236.51,N
01/31/2022,19:00,14840.40,11515.48,5592.07,11708.10,43656.05,N
01/31/2022,20:00,14898.78,11544.62,5689.54,11532.29,43665.23,N
01/31/2022,21:00,14653.58,11360.73,5723.04,11270.60,43007.95,N
01/31/2022,22:00,14078.79,10903.73,5690.66,10855.01,41528.18,N
01/31/2022,23:00,13149.15,10221.53,5608.05,10293.25,39271.98,N
01/31/2022,24:00,12344.16,9491.27,5546.15,9782.68,37164.27,N
