datetime,station_code,station_name,city,region,temp_f,humidity_pct,dew_point_f,feels_like_f,precip_in,rain_in,snow_in,cloud_cover_pct,wind_speed_mph,wind_dir_deg,wind_gust_mph,pressure_hpa,wmo_code,visibility_mi,condition
2025-12-01 00:00:00,KSAT,San Antonio Intl,San Antonio,San Antonio,46.3,58,32.5,39.9,0.0,0.0,0.0,100,6.4,36,13.4,995.2,3,,Overcast
2025-12-01 01:00:00,KSAT,San Antonio Intl,San Antonio,San Antonio,45.3,63,33.4,38.9,0.0,0.0,0.0,100,6.6,35,13.9,994.2,3,,Overcast
2025-12-01 02:00:00,KSAT,San Antonio Intl,San Antonio,San Antonio,45.0,65,33.9,38.9,0.0,0.0,0.0,100,6.1,28,14.3,993.8,3,,Overcast
2025-12-01 03:00:00,KSAT,San Antonio Intl,San Antonio,San Antonio,44.8,66,34.0,39.4,0.0,0.0,0.0,100,4.3,31,13.0,993.5,3,,Overcast
2025-12-01 04:00:00,KSAT,San Antonio Intl,San Antonio,San Antonio,44.7,66,34.1,39.0,0.0,0.0,0.0,100,5.2,30,11.6,992.8,3,,Overcast
2025-12-01 05:00:00,KSAT,San Antonio Intl,San Antonio,San Antonio,44.6,68,34.5,39.4,0.0,0.0,0.0,100,4.2,29,10.7,992.5,3,,Overcast
2025-12-01 06:00:00,KSAT,San Antonio Intl,San Antonio,San Antonio,43.6,68,33.9,38.0,0.0,0.0,0.0,100,5.1,35,9.8,992.4,3,,Overcast
2025-12-01 07:00:00,KSAT,San Antonio Intl,San Antonio,San Antonio,43.2,72,34.8,37.8,0.0,0.0,0.0,100,4.8,31,11.6,992.3,3,,Overcast
2025-12-01 08:00:00,KSAT,San Antonio Intl,San Antonio,San Antonio,43.7,73,35.8,38.8,0.0,0.0,0.0,100,4.1,24,10.5,992.9,3,,Overcast
2025-12-01 09:00:00,KSAT,San Antonio Intl,San Antonio,San Antonio,44.4,74,36.7,39.5,0.0,0.0,0.0,100,4.5,6,10.7,992.9,3,,Overcast
2025-12-01 10:00:00,KSAT,San Antonio Intl,San Antonio,San Antonio,45.5,74,37.8,40.7,0.0,0.0,0.0,100,4.7,4,11.9,992.7,3,,Overcast
2025-12-01 11:00:00,KSAT,San Antonio Intl,San Antonio,San Antonio,47.0,74,39.3,43.3,0.0,0.0,0.0,100,2.8,7,11.2,992.2,3,,Overcast
2025-12-01 12:00:00,KSAT,San Antonio Intl,San Antonio,San Antonio,44.2,82,39.1,40.4,0.0,0.0,0.0,100,2.9,18,8.3,990.7,3,,Overcast
2025-12-01 13:00:00,KSAT,San Antonio Intl,San Antonio,San Antonio,46.0,80,40.3,42.5,0.0,0.0,0.0,100,2.7,28,8.5,989.5,3,,Overcast
2025-12-01 14:00:00,KSAT,San Antonio Intl,San Antonio,San Antonio,48.0,77,41.3,44.1,0.0,0.0,0.0,100,4.1,357,10.5,989.0,3,,Overcast
2025-12-01 15:00:00,KSAT,San Antonio Intl,San Antonio,San Antonio,48.7,77,41.7,44.9,0.0,0.0,0.0,100,4.3,2,10.5,988.7,3,,Overcast
2025-12-01 16:00:00,KSAT,San Antonio Intl,San Antonio,San Antonio,49.2,77,42.2,45.5,0.0,0.0,0.0,100,4.1,19,10.1,988.3,3,,Overcast
2025-12-01 17:00:00,KSAT,San Antonio Intl,San Antonio,San Antonio,49.5,77,42.4,45.7,0.0,0.0,0.0,100,4.4,58,9.6,988.4,3,,Overcast
2025-12-01 18:00:00,KSAT,San Antonio Intl,San Antonio,San Antonio,48.3,76,41.2,43.3,0.0,0.0,0.0,100,6.8,31,10.1,989.0,3,,Overcast
2025-12-01 19:00:00,KSAT,San Antonio Intl,San Antonio,San Antonio,47.0,78,40.6,41.6,0.0,0.0,0.0,92,7.5,17,15.2,990.0,3,,Overcast
2025-12-01 20:00:00,KSAT,San Antonio Intl,San Antonio,San Antonio,45.0,80,39.2,38.7,0.0,0.0,0.0,100,8.7,14,17.4,990.6,3,,Overcast
2025-12-01 21:00:00,KSAT,San Antonio Intl,San Antonio,San Antonio,43.8,79,37.7,37.4,0.0,0.0,0.0,100,8.3,15,17.9,991.2,3,,Overcast
2025-12-01 22:00:00,KSAT,San Antonio Intl,San Antonio,San Antonio,43.2,79,37.2,37.3,0.0,0.0,0.0,80,7.2,15,16.8,992.1,3,,Overcast
2025-12-01 23:00:00,KSAT,San Antonio Intl,San Antonio,San Antonio,42.5,80,36.8,36.6,0.0,0.0,0.0,90,6.9,13,14.3,992.3,3,,Overcast
2025-12-02 00:00:00,KSAT,San Antonio Intl,San Antonio,San Antonio,41.0,79,35.0,34.3,0.0,0.0,0.0,99,8.0,6,16.1,992.9,3,,Overcast
2025-12-02 01:00:00,KSAT,San Antonio Intl,San Antonio,San Antonio,40.1,78,33.9,33.2,0.0,0.0,0.0,94,8.0,8,16.1,993.0,3,,Overcast
2025-12-02 02:00:00,KSAT,San Antonio Intl,San Antonio,San Antonio,39.2,77,32.6,32.0,0.0,0.0,0.0,83,8.1,9,16.6,992.7,3,,Overcast
2025-12-02 03:00:00,KSAT,San Antonio Intl,San Antonio,San Antonio,38.4,77,31.9,31.3,0.0,0.0,0.0,100,7.7,4,16.3,992.7,3,,Overcast
2025-12-02 04:00:00,KSAT,San Antonio Intl,San Antonio,San Antonio,38.1,77,31.5,31.2,0.0,0.0,0.0,100,7.1,5,15.4,992.7,3,,Overcast
2025-12-02 05:00:00,KSAT,San Antonio Intl,San Antonio,San Antonio,37.8,76,31.0,31.2,0.0,0.0,0.0,91,6.2,5,14.1,993.1,3,,Overcast
2025-12-02 06:00:00,KSAT,San Antonio Intl,San Antonio,San Antonio,37.2,79,31.2,30.7,0.0,0.0,0.0,66,6.0,8,12.1,993.7,2,,Partly cloudy
2025-12-02 07:00:00,KSAT,San Antonio Intl,San Antonio,San Antonio,36.2,80,30.7,29.9,0.0,0.0,0.0,100,5.4,360,11.4,994.5,3,,Overcast
2025-12-02 08:00:00,KSAT,San Antonio Intl,San Antonio,San Antonio,37.4,77,30.9,30.8,0.0,0.0,0.0,100,6.3,2,12.3,995.0,3,,Overcast
2025-12-02 09:00:00,KSAT,San Antonio Intl,San Antonio,San Antonio,40.0,70,31.2,34.2,0.0,0.0,0.0,65,4.5,357,13.0,995.4,2,,Partly cloudy
2025-12-02 10:00:00,KSAT,San Antonio Intl,San Antonio,San Antonio,43.8,62,31.7,38.3,0.0,0.0,0.0,97,3.8,8,11.9,995.5,3,,Overcast
2025-12-02 11:00:00,KSAT,San Antonio Intl,San Antonio,San Antonio,47.0,57,32.6,42.0,0.0,0.0,0.0,100,3.1,19,11.6,994.5,3,,Overcast
2025-12-02 12:00:00,KSAT,San Antonio Intl,San Antonio,San Antonio,48.7,52,31.7,45.4,0.0,0.0,0.0,71,0.3,153,10.5,993.6,2,,Partly cloudy
2025-12-02 13:00:00,KSAT,San Antonio Intl,San Antonio,San Antonio,51.6,54,35.5,48.6,0.0,0.0,0.0,100,2.1,193,9.6,992.4,3,,Overcast
2025-12-02 14:00:00,KSAT,San Antonio Intl,San Antonio,San Antonio,52.7,54,36.5,48.9,0.0,0.0,0.0,96,2.4,188,9.6,991.0,3,,Overcast
2025-12-02 15:00:00,KSAT,San Antonio Intl,San Antonio,San Antonio,53.6,52,36.5,49.4,0.0,0.0,0.0,94,2.6,170,9.6,990.0,3,,Overcast
2025-12-02 16:00:00,KSAT,San Antonio Intl,San Antonio,San Antonio,53.5,53,36.9,49.2,0.0,0.0,0.0,77,3.1,161,9.4,989.6,2,,Partly cloudy
2025-12-02 17:00:00,KSAT,San Antonio Intl,San Antonio,San Antonio,52.1,59,38.2,48.3,0.0,0.0,0.0,0,2.3,137,8.7,989.1,0,,Clear sky
2025-12-02 18:00:00,KSAT,San Antonio Intl,San Antonio,San Antonio,49.7,61,37.0,45.5,0.0,0.0,0.0,0,2.9,140,5.1,988.6,0,,Clear sky
2025-12-02 19:00:00,KSAT,San Antonio Intl,San Antonio,San Antonio,49.0,60,35.6,44.3,0.0,0.0,0.0,0,3.4,136,6.3,988.8,0,,Clear sky
2025-12-02 20:00:00,KSAT,San Antonio Intl,San Antonio,San Antonio,47.6,64,36.0,43.1,0.0,0.0,0.0,0,3.0,141,6.3,989.1,0,,Clear sky
2025-12-02 21:00:00,KSAT,San Antonio Intl,San Antonio,San Antonio,46.8,63,35.1,41.8,0.0,0.0,0.0,9,4.0,146,7.2,989.5,0,,Clear sky
2025-12-02 22:00:00,KSAT,San Antonio Intl,San Antonio,San Antonio,45.7,66,35.0,40.5,0.0,0.0,0.0,57,4.4,161,8.1,989.7,2,,Partly cloudy
2025-12-02 23:00:00,KSAT,San Antonio Intl,San Antonio,San Antonio,44.9,68,34.9,39.5,0.0,0.0,0.0,67,4.7,169,8.5,989.8,2,,Partly cloudy
2025-12-03 00:00:00,KSAT,San Antonio Intl,San Antonio,San Antonio,43.2,71,34.2,37.8,0.0,0.0,0.0,29,4.5,177,8.7,989.5,1,,Mainly clear
2025-12-03 01:00:00,KSAT,San Antonio Intl,San Antonio,San Antonio,42.3,73,34.2,37.1,0.0,0.0,0.0,20,4.3,186,8.3,989.3,1,,Mainly clear
2025-12-03 02:00:00,KSAT,San Antonio Intl,San Antonio,San Antonio,42.0,73,34.1,36.6,0.0,0.0,0.0,96,4.5,184,8.5,988.8,3,,Overcast
2025-12-03 03:00:00,KSAT,San Antonio Intl,San Antonio,San Antonio,41.4,76,34.5,36.6,0.0,0.0,0.0,98,3.3,186,8.3,988.2,3,,Overcast
2025-12-03 04:00:00,KSAT,San Antonio Intl,San Antonio,San Antonio,40.9,78,34.7,36.2,0.0,0.0,0.0,100,3.0,186,5.6,987.8,3,,Overcast
2025-12-03 05:00:00,KSAT,San Antonio Intl,San Antonio,San Antonio,40.8,78,34.3,36.6,0.0,0.0,0.0,98,1.8,215,4.9,987.5,3,,Overcast
2025-12-03 06:00:00,KSAT,San Antonio Intl,San Antonio,San Antonio,42.5,80,36.8,38.6,0.0,0.0,0.0,100,2.1,254,3.8,987.9,3,,Overcast
2025-12-03 07:00:00,KSAT,San Antonio Intl,San Antonio,San Antonio,43.9,76,36.7,39.9,0.0,0.0,0.0,100,2.2,261,4.0,988.1,3,,Overcast
2025-12-03 08:00:00,KSAT,San Antonio Intl,San Antonio,San Antonio,44.7,74,36.8,40.4,0.0,0.0,0.0,100,3.0,266,4.9,988.5,3,,Overcast
2025-12-03 09:00:00,KSAT,San Antonio Intl,San Antonio,San Antonio,48.7,69,39.0,45.1,0.0,0.0,0.0,100,2.6,232,6.7,988.9,3,,Overcast
2025-12-03 10:00:00,KSAT,San Antonio Intl,San Antonio,San Antonio,51.6,69,41.7,48.7,0.0,0.0,0.0,100,2.1,223,6.9,989.3,3,,Overcast
2025-12-03 11:00:00,KSAT,San Antonio Intl,San Antonio,San Antonio,55.2,71,46.0,53.2,0.0,0.0,0.0,100,2.4,217,8.3,989.3,3,,Overcast
2025-12-03 12:00:00,KSAT,San Antonio Intl,San Antonio,San Antonio,53.4,81,47.8,52.2,0.0,0.0,0.0,100,1.5,203,8.5,988.8,3,,Overcast
2025-12-03 13:00:00,KSAT,San Antonio Intl,San Antonio,San Antonio,54.6,84,50.0,53.8,0.004,0.004,0.0,100,1.9,147,6.7,987.6,51,,Light drizzle
2025-12-03 14:00:00,KSAT,San Antonio Intl,San Antonio,San Antonio,55.8,87,51.8,55.4,0.004,0.004,0.0,100,2.2,135,7.2,986.5,51,,Light drizzle
2025-12-03 15:00:00,KSAT,San Antonio Intl,San Antonio,San Antonio,56.3,88,52.8,56.2,0.0,0.0,0.0,100,2.2,131,7.2,986.2,3,,Overcast
2025-12-03 16:00:00,KSAT,San Antonio Intl,San Antonio,San Antonio,57.0,88,53.4,57.2,0.0,0.0,0.0,100,2.0,99,6.5,986.1,3,,Overcast
2025-12-03 17:00:00,KSAT,San Antonio Intl,San Antonio,San Antonio,57.0,89,53.7,57.1,0.0,0.0,0.0,100,2.5,66,6.0,985.8,3,,Overcast
2025-12-03 18:00:00,KSAT,San Antonio Intl,San Antonio,San Antonio,55.9,92,53.6,55.4,0.0,0.0,0.0,100,3.9,75,6.5,986.2,3,,Overcast
2025-12-03 19:00:00,KSAT,San Antonio Intl,San Antonio,San Antonio,55.8,92,53.3,55.3,0.004,0.004,0.0,100,3.6,58,8.1,986.7,51,,Light drizzle
2025-12-03 20:00:00,KSAT,San Antonio Intl,San Antonio,San Antonio,55.8,92,53.5,55.1,0.0,0.0,0.0,100,4.1,49,7.8,986.9,3,,Overcast
2025-12-03 21:00:00,KSAT,San Antonio Intl,San Antonio,San Antonio,55.7,94,53.9,54.7,0.0,0.0,0.0,100,5.3,63,10.1,986.9,3,,Overcast
2025-12-03 22:00:00,KSAT,San Antonio Intl,San Antonio,San Antonio,55.8,96,54.5,55.0,0.0,0.0,0.0,100,5.0,53,10.7,987.0,3,,Overcast
2025-12-03 23:00:00,KSAT,San Antonio Intl,San Antonio,San Antonio,56.1,96,55.0,55.8,0.0,0.0,0.0,100,4.4,48,9.6,987.3,3,,Overcast
2025-12-04 00:00:00,KSAT,San Antonio Intl,San Antonio,San Antonio,56.3,97,55.5,56.4,0.0,0.0,0.0,100,4.0,58,8.5,986.2,3,,Overcast
2025-12-04 01:00:00,KSAT,San Antonio Intl,San Antonio,San Antonio,56.2,98,55.6,56.6,0.0,0.0,0.0,100,3.2,36,7.4,986.3,3,,Overcast
2025-12-04 02:00:00,KSAT,San Antonio Intl,San Antonio,San Antonio,56.4,97,55.6,56.2,0.0,0.0,0.0,100,4.7,33,8.9,986.6,3,,Overcast
2025-12-04 03:00:00,KSAT,San Antonio Intl,San Antonio,San Antonio,56.4,97,55.6,55.6,0.0,0.0,0.0,100,6.0,30,11.6,986.7,3,,Overcast
2025-12-04 04:00:00,KSAT,San Antonio Intl,San Antonio,San Antonio,56.5,96,55.4,55.9,0.0,0.0,0.0,100,5.5,31,12.3,987.0,3,,Overcast
2025-12-04 05:00:00,KSAT,San Antonio Intl,San Antonio,San Antonio,56.1,96,55.0,54.8,0.0,0.0,0.0,100,6.9,34,13.4,987.7,3,,Overcast
2025-12-04 06:00:00,KSAT,San Antonio Intl,San Antonio,San Antonio,55.1,94,53.3,52.2,0.004,0.004,0.0,100,9.3,11,18.1,988.2,51,,Light drizzle
2025-12-04 07:00:00,KSAT,San Antonio Intl,San Antonio,San Antonio,53.9,94,52.1,49.9,0.016,0.016,0.0,100,11.0,9,20.8,989.4,51,,Light drizzle
2025-12-04 08:00:00,KSAT,San Antonio Intl,San Antonio,San Antonio,52.4,93,50.4,47.5,0.02,0.02,0.0,100,11.9,20,22.4,990.6,53,,Moderate drizzle
2025-12-04 09:00:00,KSAT,San Antonio Intl,San Antonio,San Antonio,51.5,89,48.5,46.0,0.004,0.004,0.0,100,12.3,10,24.8,991.9,51,,Light drizzle
2025-12-04 10:00:00,KSAT,San Antonio Intl,San Antonio,San Antonio,50.5,87,46.8,45.0,0.008,0.008,0.0,100,11.0,13,25.9,992.9,51,,Light drizzle
2025-12-04 11:00:00,KSAT,San Antonio Intl,San Antonio,San Antonio,50.5,82,45.3,43.9,0.004,0.004,0.0,100,12.6,360,26.4,993.1,51,,Light drizzle
2025-12-04 12:00:00,KSAT,San Antonio Intl,San Antonio,San Antonio,49.0,78,42.3,42.0,0.0,0.0,0.0,100,12.1,3,27.3,993.1,3,,Overcast
2025-12-04 13:00:00,KSAT,San Antonio Intl,San Antonio,San Antonio,50.6,70,41.1,43.6,0.0,0.0,0.0,100,11.6,355,25.5,992.9,3,,Overcast
2025-12-04 14:00:00,KSAT,San Antonio Intl,San Antonio,San Antonio,52.3,67,41.5,45.3,0.0,0.0,0.0,96,11.8,2,25.7,992.1,3,,Overcast
2025-12-04 15:00:00,KSAT,San Antonio Intl,San Antonio,San Antonio,53.2,64,41.5,46.7,0.0,0.0,0.0,99,10.6,5,26.6,992.2,3,,Overcast
2025-12-04 16:00:00,KSAT,San Antonio Intl,San Antonio,San Antonio,58.6,57,43.2,52.5,0.0,0.0,0.0,98,10.5,17,24.4,991.6,3,,Overcast
2025-12-04 17:00:00,KSAT,San Antonio Intl,San Antonio,San Antonio,53.9,64,42.1,48.5,0.0,0.0,0.0,100,8.1,13,21.3,992.5,3,,Overcast
2025-12-04 18:00:00,KSAT,San Antonio Intl,San Antonio,San Antonio,50.3,72,41.5,45.1,0.0,0.0,0.0,100,7.2,6,17.0,993.5,3,,Overcast
2025-12-04 19:00:00,KSAT,San Antonio Intl,San Antonio,San Antonio,49.2,73,40.9,43.6,0.0,0.0,0.0,100,8.0,11,16.3,994.1,3,,Overcast
2025-12-04 20:00:00,KSAT,San Antonio Intl,San Antonio,San Antonio,48.1,76,40.8,42.7,0.0,0.0,0.0,100,7.5,8,16.3,994.1,3,,Overcast
2025-12-04 21:00:00,KSAT,San Antonio Intl,San Antonio,San Antonio,47.4,78,40.7,42.4,0.0,0.0,0.0,100,6.5,1,15.4,994.4,3,,Overcast
2025-12-04 22:00:00,KSAT,San Antonio Intl,San Antonio,San Antonio,46.9,78,40.4,42.3,0.0,0.0,0.0,100,5.6,358,13.4,994.4,3,,Overcast
2025-12-04 23:00:00,KSAT,San Antonio Intl,San Antonio,San Antonio,46.4,78,40.0,41.9,0.0,0.0,0.0,100,5.1,6,11.2,994.2,3,,Overcast
2025-12-05 00:00:00,KSAT,San Antonio Intl,San Antonio,San Antonio,45.8,80,39.8,41.5,0.0,0.0,0.0,100,4.4,357,10.3,994.4,3,,Overcast
2025-12-05 01:00:00,KSAT,San Antonio Intl,San Antonio,San Antonio,45.4,79,39.3,40.9,0.0,0.0,0.0,100,4.6,352,9.8,994.3,3,,Overcast
2025-12-05 02:00:00,KSAT,San Antonio Intl,San Antonio,San Antonio,45.3,78,39.0,40.7,0.0,0.0,0.0,100,4.8,1,10.7,993.5,3,,Overcast
2025-12-05 03:00:00,KSAT,San Antonio Intl,San Antonio,San Antonio,45.2,79,39.0,40.9,0.0,0.0,0.0,100,4.0,3,10.1,993.3,3,,Overcast
2025-12-05 04:00:00,KSAT,San Antonio Intl,San Antonio,San Antonio,45.0,80,39.1,40.5,0.0,0.0,0.0,100,4.7,8,9.8,992.3,3,,Overcast
2025-12-05 05:00:00,KSAT,San Antonio Intl,San Antonio,San Antonio,45.0,81,39.5,41.0,0.0,0.0,0.0,100,3.5,7,10.1,991.6,3,,Overcast
2025-12-05 06:00:00,KSAT,San Antonio Intl,San Antonio,San Antonio,44.5,81,39.0,40.4,0.0,0.0,0.0,100,3.5,45,7.2,991.8,3,,Overcast
2025-12-05 07:00:00,KSAT,San Antonio Intl,San Antonio,San Antonio,44.4,81,39.1,40.3,0.0,0.0,0.0,100,3.6,54,7.8,991.7,3,,Overcast
2025-12-05 08:00:00,KSAT,San Antonio Intl,San Antonio,San Antonio,44.9,81,39.3,41.0,0.0,0.0,0.0,100,3.1,30,8.3,991.9,3,,Overcast
2025-12-05 09:00:00,KSAT,San Antonio Intl,San Antonio,San Antonio,46.0,79,39.7,43.1,0.0,0.0,0.0,100,0.9,120,7.2,991.9,3,,Overcast
2025-12-05 10:00:00,KSAT,San Antonio Intl,San Antonio,San Antonio,47.7,77,40.8,44.4,0.0,0.0,0.0,100,2.5,185,8.3,992.2,3,,Overcast
2025-12-05 11:00:00,KSAT,San Antonio Intl,San Antonio,San Antonio,48.4,77,41.5,45.6,0.0,0.0,0.0,100,1.7,208,8.7,991.9,3,,Overcast
2025-12-05 12:00:00,KSAT,San Antonio Intl,San Antonio,San Antonio,49.4,75,41.8,45.9,0.0,0.0,0.0,100,3.5,189,8.7,991.2,3,,Overcast
2025-12-05 13:00:00,KSAT,San Antonio Intl,San Antonio,San Antonio,50.4,76,43.1,47.2,0.0,0.0,0.0,100,3.3,198,11.0,989.9,3,,Overcast
2025-12-05 14:00:00,KSAT,San Antonio Intl,San Antonio,San Antonio,51.6,74,43.7,48.8,0.0,0.0,0.0,100,2.9,208,9.8,989.0,3,,Overcast
2025-12-05 15:00:00,KSAT,San Antonio Intl,San Antonio,San Antonio,53.2,72,44.3,50.3,0.0,0.0,0.0,100,3.5,197,10.3,988.2,3,,Overcast
2025-12-05 16:00:00,KSAT,San Antonio Intl,San Antonio,San Antonio,53.2,72,44.5,50.4,0.0,0.0,0.0,100,3.5,171,10.3,987.4,3,,Overcast
2025-12-05 17:00:00,KSAT,San Antonio Intl,San Antonio,San Antonio,52.7,75,44.9,49.6,0.0,0.0,0.0,100,4.1,158,9.2,987.0,3,,Overcast
2025-12-05 18:00:00,KSAT,San Antonio Intl,San Antonio,San Antonio,51.4,76,44.2,47.9,0.0,0.0,0.0,100,4.8,167,8.5,987.3,3,,Overcast
2025-12-05 19:00:00,KSAT,San Antonio Intl,San Antonio,San Antonio,51.0,77,43.9,47.7,0.0,0.0,0.0,100,4.2,174,10.1,987.7,3,,Overcast
2025-12-05 20:00:00,KSAT,San Antonio Intl,San Antonio,San Antonio,50.2,79,43.8,47.1,0.0,0.0,0.0,100,3.6,208,8.3,988.1,3,,Overcast
2025-12-05 21:00:00,KSAT,San Antonio Intl,San Antonio,San Antonio,49.6,80,43.8,46.2,0.0,0.0,0.0,100,4.4,212,8.3,988.5,3,,Overcast
2025-12-05 22:00:00,KSAT,San Antonio Intl,San Antonio,San Antonio,49.0,82,43.9,45.6,0.0,0.0,0.0,100,4.4,214,8.5,988.4,3,,Overcast
2025-12-05 23:00:00,KSAT,San Antonio Intl,San Antonio,San Antonio,48.6,84,44.1,45.3,0.0,0.0,0.0,74,4.1,232,8.5,988.0,2,,Partly cloudy
2025-12-06 00:00:00,KSAT,San Antonio Intl,San Antonio,San Antonio,48.4,85,44.0,44.7,0.0,0.0,0.0,99,5.0,220,8.9,988.1,3,,Overcast
2025-12-06 01:00:00,KSAT,San Antonio Intl,San Antonio,San Antonio,47.5,87,43.8,44.1,0.0,0.0,0.0,100,4.4,238,9.6,987.9,3,,Overcast
2025-12-06 02:00:00,KSAT,San Antonio Intl,San Antonio,San Antonio,47.3,88,43.8,44.0,0.0,0.0,0.0,100,4.1,259,8.3,987.7,3,,Overcast
2025-12-06 03:00:00,KSAT,San Antonio Intl,San Antonio,San Antonio,47.7,87,44.0,44.6,0.0,0.0,0.0,100,3.7,250,8.3,987.2,3,,Overcast
2025-12-06 04:00:00,KSAT,San Antonio Intl,San Antonio,San Antonio,47.8,86,44.0,44.6,0.0,0.0,0.0,100,4.0,240,7.8,987.3,3,,Overcast
2025-12-06 05:00:00,KSAT,San Antonio Intl,San Antonio,San Antonio,47.8,87,44.0,44.6,0.0,0.0,0.0,100,3.8,249,7.4,986.9,3,,Overcast
2025-12-06 06:00:00,KSAT,San Antonio Intl,San Antonio,San Antonio,48.0,87,44.2,44.8,0.0,0.0,0.0,100,4.2,233,7.6,987.0,3,,Overcast
2025-12-06 07:00:00,KSAT,San Antonio Intl,San Antonio,San Antonio,48.2,86,44.2,45.2,0.0,0.0,0.0,10,3.7,261,7.8,986.8,0,,Clear sky
2025-12-06 08:00:00,KSAT,San Antonio Intl,San Antonio,San Antonio,48.2,86,44.3,45.1,0.0,0.0,0.0,0,3.9,263,6.9,986.9,0,,Clear sky
2025-12-06 09:00:00,KSAT,San Antonio Intl,San Antonio,San Antonio,51.6,80,45.5,49.6,0.0,0.0,0.0,0,2.1,276,7.2,987.3,0,,Clear sky
2025-12-06 10:00:00,KSAT,San Antonio Intl,San Antonio,San Antonio,55.9,73,47.4,54.3,0.0,0.0,0.0,0,2.4,221,8.3,987.6,0,,Clear sky
2025-12-06 11:00:00,KSAT,San Antonio Intl,San Antonio,San Antonio,59.8,68,49.4,58.3,0.0,0.0,0.0,0,3.2,219,10.3,987.6,0,,Clear sky
2025-12-06 12:00:00,KSAT,San Antonio Intl,San Antonio,San Antonio,65.4,62,51.9,64.6,0.0,0.0,0.0,0,4.4,228,13.0,986.1,0,,Clear sky
2025-12-06 13:00:00,KSAT,San Antonio Intl,San Antonio,San Antonio,69.0,56,52.8,68.6,0.0,0.0,0.0,0,4.8,226,13.0,984.7,0,,Clear sky
2025-12-06 14:00:00,KSAT,San Antonio Intl,San Antonio,San Antonio,71.0,52,52.2,70.1,0.0,0.0,0.0,0,4.7,228,13.0,983.5,0,,Clear sky
2025-12-06 15:00:00,KSAT,San Antonio Intl,San Antonio,San Antonio,72.0,49,51.8,70.5,0.0,0.0,0.0,0,4.7,215,12.1,982.6,0,,Clear sky
2025-12-06 16:00:00,KSAT,San Antonio Intl,San Antonio,San Antonio,71.3,51,52.2,69.9,0.0,0.0,0.0,0,5.0,192,11.9,982.4,0,,Clear sky
2025-12-06 17:00:00,KSAT,San Antonio Intl,San Antonio,San Antonio,68.2,61,54.1,67.2,0.0,0.0,0.0,0,5.3,172,10.5,982.4,0,,Clear sky
2025-12-06 18:00:00,KSAT,San Antonio Intl,San Antonio,San Antonio,65.6,64,53.1,63.4,0.0,0.0,0.0,0,7.3,175,13.2,982.5,0,,Clear sky
2025-12-06 19:00:00,KSAT,San Antonio Intl,San Antonio,San Antonio,63.9,69,53.3,61.9,0.0,0.0,0.0,1,7.1,182,13.4,983.0,0,,Clear sky
2025-12-06 20:00:00,KSAT,San Antonio Intl,San Antonio,San Antonio,61.8,74,53.5,60.2,0.0,0.0,0.0,0,6.4,186,13.4,983.2,0,,Clear sky
2025-12-06 21:00:00,KSAT,San Antonio Intl,San Antonio,San Antonio,60.2,80,54.0,58.8,0.0,0.0,0.0,0,6.1,206,12.1,983.5,0,,Clear sky
2025-12-06 22:00:00,KSAT,San Antonio Intl,San Antonio,San Antonio,59.1,85,54.7,58.0,0.0,0.0,0.0,2,6.0,206,11.4,983.8,0,,Clear sky
2025-12-06 23:00:00,KSAT,San Antonio Intl,San Antonio,San Antonio,58.5,89,55.4,57.5,0.0,0.0,0.0,0,6.5,211,12.1,984.2,0,,Clear sky
2025-12-07 00:00:00,KSAT,San Antonio Intl,San Antonio,San Antonio,58.1,92,55.8,57.5,0.0,0.0,0.0,0,5.7,215,12.1,984.0,0,,Clear sky
2025-12-07 01:00:00,KSAT,San Antonio Intl,San Antonio,San Antonio,57.2,93,55.2,56.6,0.0,0.0,0.0,0,5.3,229,10.5,983.9,0,,Clear sky
2025-12-07 02:00:00,KSAT,San Antonio Intl,San Antonio,San Antonio,56.6,94,55.0,55.9,0.0,0.0,0.0,0,5.3,235,9.8,983.9,0,,Clear sky
2025-12-07 03:00:00,KSAT,San Antonio Intl,San Antonio,San Antonio,55.9,95,54.6,55.2,0.0,0.0,0.0,0,5.2,237,9.4,983.9,0,,Clear sky
2025-12-07 04:00:00,KSAT,San Antonio Intl,San Antonio,San Antonio,55.7,96,54.4,54.8,0.0,0.0,0.0,0,5.3,232,9.6,983.5,0,,Clear sky
2025-12-07 05:00:00,KSAT,San Antonio Intl,San Antonio,San Antonio,55.1,96,53.9,54.4,0.0,0.0,0.0,0,4.6,255,9.4,983.3,0,,Clear sky
2025-12-07 06:00:00,KSAT,San Antonio Intl,San Antonio,San Antonio,55.5,98,55.0,54.7,0.0,0.0,0.0,1,5.7,261,9.2,983.8,0,,Clear sky
2025-12-07 07:00:00,KSAT,San Antonio Intl,San Antonio,San Antonio,55.1,97,54.4,54.4,0.0,0.0,0.0,0,5.1,275,9.8,984.2,0,,Clear sky
2025-12-07 08:00:00,KSAT,San Antonio Intl,San Antonio,San Antonio,56.0,96,55.0,55.3,0.0,0.0,0.0,0,5.5,268,9.2,984.8,0,,Clear sky
2025-12-07 09:00:00,KSAT,San Antonio Intl,San Antonio,San Antonio,59.8,93,57.8,60.3,0.0,0.0,0.0,0,5.0,256,10.5,985.8,0,,Clear sky
2025-12-07 10:00:00,KSAT,San Antonio Intl,San Antonio,San Antonio,63.9,84,58.8,65.6,0.0,0.0,0.0,0,2.8,254,10.5,986.5,0,,Clear sky
2025-12-07 11:00:00,KSAT,San Antonio Intl,San Antonio,San Antonio,68.2,69,57.5,69.4,0.0,0.0,0.0,0,2.8,299,8.9,986.7,0,,Clear sky
2025-12-07 12:00:00,KSAT,San Antonio Intl,San Antonio,San Antonio,71.7,61,57.6,73.1,0.0,0.0,0.0,0,3.9,301,14.5,986.3,0,,Clear sky
2025-12-07 13:00:00,KSAT,San Antonio Intl,San Antonio,San Antonio,74.9,37,46.9,72.3,0.0,0.0,0.0,0,6.3,331,14.5,986.0,0,,Clear sky
2025-12-07 14:00:00,KSAT,San Antonio Intl,San Antonio,San Antonio,73.8,34,43.8,68.2,0.0,0.0,0.0,0,10.7,344,22.8,986.5,0,,Clear sky
2025-12-07 15:00:00,KSAT,San Antonio Intl,San Antonio,San Antonio,67.4,47,46.6,60.7,0.0,0.0,0.0,1,13.6,351,30.0,987.8,0,,Clear sky
2025-12-07 16:00:00,KSAT,San Antonio Intl,San Antonio,San Antonio,64.0,50,45.2,57.8,0.0,0.0,0.0,0,11.9,352,29.3,988.5,0,,Clear sky
2025-12-07 17:00:00,KSAT,San Antonio Intl,San Antonio,San Antonio,61.2,56,45.3,55.7,0.0,0.0,0.0,0,10.1,1,25.1,989.5,0,,Clear sky
2025-12-07 18:00:00,KSAT,San Antonio Intl,San Antonio,San Antonio,58.8,56,43.3,53.3,0.0,0.0,0.0,0,9.1,14,20.8,990.9,0,,Clear sky
2025-12-07 19:00:00,KSAT,San Antonio Intl,San Antonio,San Antonio,56.8,57,41.7,51.0,0.0,0.0,0.0,0,8.7,9,18.3,991.9,0,,Clear sky
2025-12-07 20:00:00,KSAT,San Antonio Intl,San Antonio,San Antonio,56.3,57,41.3,49.5,0.0,0.0,0.0,0,11.1,1,22.1,992.6,0,,Clear sky
2025-12-07 21:00:00,KSAT,San Antonio Intl,San Antonio,San Antonio,55.1,59,41.3,48.6,0.0,0.0,0.0,0,10.3,5,22.4,993.7,0,,Clear sky
2025-12-07 22:00:00,KSAT,San Antonio Intl,San Antonio,San Antonio,53.2,62,40.5,47.2,0.0,0.0,0.0,0,8.9,9,21.0,994.7,0,,Clear sky
2025-12-07 23:00:00,KSAT,San Antonio Intl,San Antonio,San Antonio,51.9,63,39.6,45.4,0.0,0.0,0.0,0,9.5,3,18.8,995.3,0,,Clear sky
2025-12-08 00:00:00,KSAT,San Antonio Intl,San Antonio,San Antonio,49.8,66,38.8,42.2,0.0,0.0,0.0,0,11.8,355,21.3,995.8,0,,Clear sky
2025-12-08 01:00:00,KSAT,San Antonio Intl,San Antonio,San Antonio,47.9,66,37.0,39.8,0.0,0.0,0.0,0,12.1,355,24.4,996.0,0,,Clear sky
2025-12-08 02:00:00,KSAT,San Antonio Intl,San Antonio,San Antonio,46.6,65,35.3,38.0,0.0,0.0,0.0,0,12.4,356,25.1,995.9,0,,Clear sky
2025-12-08 03:00:00,KSAT,San Antonio Intl,San Antonio,San Antonio,45.4,65,34.2,37.2,0.0,0.0,0.0,0,11.3,356,25.1,996.1,0,,Clear sky
2025-12-08 04:00:00,KSAT,San Antonio Intl,San Antonio,San Antonio,44.5,65,33.5,36.6,0.0,0.0,0.0,0,10.2,358,22.4,996.0,0,,Clear sky
2025-12-08 05:00:00,KSAT,San Antonio Intl,San Antonio,San Antonio,43.7,66,33.1,36.3,0.0,0.0,0.0,0,8.8,359,19.9,996.0,0,,Clear sky
2025-12-08 06:00:00,KSAT,San Antonio Intl,San Antonio,San Antonio,41.5,69,32.1,34.4,0.0,0.0,0.0,0,7.9,1,17.2,996.5,0,,Clear sky
2025-12-08 07:00:00,KSAT,San Antonio Intl,San Antonio,San Antonio,40.5,71,31.8,33.9,0.0,0.0,0.0,0,6.6,4,15.2,997.1,0,,Clear sky
2025-12-08 08:00:00,KSAT,San Antonio Intl,San Antonio,San Antonio,41.1,70,32.2,34.6,0.0,0.0,0.0,0,6.4,6,12.8,997.6,0,,Clear sky
2025-12-08 09:00:00,KSAT,San Antonio Intl,San Antonio,San Antonio,44.6,65,33.7,39.0,0.0,0.0,0.0,0,5.0,18,12.3,998.4,0,,Clear sky
2025-12-08 10:00:00,KSAT,San Antonio Intl,San Antonio,San Antonio,49.2,59,35.4,44.0,0.0,0.0,0.0,0,4.6,28,12.3,998.7,0,,Clear sky
2025-12-08 11:00:00,KSAT,San Antonio Intl,San Antonio,San Antonio,54.0,51,36.3,49.2,0.0,0.0,0.0,0,4.2,32,12.8,998.5,0,,Clear sky
2025-12-08 12:00:00,KSAT,San Antonio Intl,San Antonio,San Antonio,58.9,44,37.0,55.4,0.0,0.0,0.0,0,3.1,49,12.3,997.8,0,,Clear sky
2025-12-08 13:00:00,KSAT,San Antonio Intl,San Antonio,San Antonio,61.3,41,37.7,58.6,0.0,0.0,0.0,0,2.3,90,9.8,996.6,0,,Clear sky
2025-12-08 14:00:00,KSAT,San Antonio Intl,San Antonio,San Antonio,62.4,41,38.5,59.2,0.0,0.0,0.0,0,2.9,126,9.8,995.8,0,,Clear sky
2025-12-08 15:00:00,KSAT,San Antonio Intl,San Antonio,San Antonio,62.4,42,38.8,58.2,0.0,0.0,0.0,0,3.8,137,10.7,995.5,0,,Clear sky
2025-12-08 16:00:00,KSAT,San Antonio Intl,San Antonio,San Antonio,61.2,44,39.0,56.7,0.0,0.0,0.0,0,4.7,136,11.4,995.4,0,,Clear sky
2025-12-08 17:00:00,KSAT,San Antonio Intl,San Antonio,San Antonio,58.5,53,41.2,54.7,0.0,0.0,0.0,0,3.8,130,11.2,995.2,0,,Clear sky
2025-12-08 18:00:00,KSAT,San Antonio Intl,San Antonio,San Antonio,54.8,52,37.7,50.1,0.0,0.0,0.0,0,4.3,125,7.6,995.2,0,,Clear sky
2025-12-08 19:00:00,KSAT,San Antonio Intl,San Antonio,San Antonio,52.6,58,38.0,48.3,0.0,0.0,0.0,0,3.6,118,8.1,995.4,0,,Clear sky
2025-12-08 20:00:00,KSAT,San Antonio Intl,San Antonio,San Antonio,50.8,61,37.9,46.7,0.0,0.0,0.0,0,3.1,90,6.0,995.4,0,,Clear sky
2025-12-08 21:00:00,KSAT,San Antonio Intl,San Antonio,San Antonio,49.4,62,37.0,45.1,0.0,0.0,0.0,0,3.1,86,5.4,995.5,0,,Clear sky
2025-12-08 22:00:00,KSAT,San Antonio Intl,San Antonio,San Antonio,47.6,67,37.2,43.5,0.0,0.0,0.0,0,2.7,92,5.4,995.6,0,,Clear sky
2025-12-08 23:00:00,KSAT,San Antonio Intl,San Antonio,San Antonio,46.8,67,36.4,42.9,0.0,0.0,0.0,0,1.8,86,4.3,995.6,0,,Clear sky
2025-12-09 00:00:00,KSAT,San Antonio Intl,San Antonio,San Antonio,44.4,64,32.9,40.5,0.0,0.0,0.0,0,0.5,63,2.9,995.5,0,,Clear sky
2025-12-09 01:00:00,KSAT,San Antonio Intl,San Antonio,San Antonio,43.3,62,31.4,39.2,0.0,0.0,0.0,0,0.5,297,0.9,994.8,0,,Clear sky
2025-12-09 02:00:00,KSAT,San Antonio Intl,San Antonio,San Antonio,42.3,65,31.5,38.1,0.0,0.0,0.0,0,0.9,310,1.6,994.6,0,,Clear sky
2025-12-09 03:00:00,KSAT,San Antonio Intl,San Antonio,San Antonio,41.4,68,31.6,36.9,0.0,0.0,0.0,0,1.3,318,2.5,994.2,0,,Clear sky
2025-12-09 04:00:00,KSAT,San Antonio Intl,San Antonio,San Antonio,40.8,69,31.5,36.5,0.0,0.0,0.0,0,0.9,315,2.5,993.9,0,,Clear sky
2025-12-09 05:00:00,KSAT,San Antonio Intl,San Antonio,San Antonio,40.6,68,31.0,36.5,0.0,0.0,0.0,0,0.4,342,1.6,993.7,0,,Clear sky
2025-12-09 06:00:00,KSAT,San Antonio Intl,San Antonio,San Antonio,39.4,73,31.5,35.2,0.0,0.0,0.0,0,0.7,31,1.1,994.0,0,,Clear sky
2025-12-09 07:00:00,KSAT,San Antonio Intl,San Antonio,San Antonio,38.2,72,30.1,33.7,0.0,0.0,0.0,0,1.0,131,1.8,993.9,0,,Clear sky
2025-12-09 08:00:00,KSAT,San Antonio Intl,San Antonio,San Antonio,39.1,76,32.1,34.2,0.0,0.0,0.0,0,2.6,214,3.8,993.9,0,,Clear sky
2025-12-09 09:00:00,KSAT,San Antonio Intl,San Antonio,San Antonio,43.6,69,34.2,39.1,0.0,0.0,0.0,0,2.6,236,6.9,994.2,0,,Clear sky
2025-12-09 10:00:00,KSAT,San Antonio Intl,San Antonio,San Antonio,48.0,62,35.8,43.9,0.0,0.0,0.0,0,2.1,227,8.1,994.8,0,,Clear sky
2025-12-09 11:00:00,KSAT,San Antonio Intl,San Antonio,San Antonio,51.8,55,36.2,47.0,0.0,0.0,0.0,0,3.9,211,11.6,994.6,0,,Clear sky
2025-12-09 12:00:00,KSAT,San Antonio Intl,San Antonio,San Antonio,57.7,49,38.7,53.9,0.0,0.0,0.0,0,4.6,206,13.4,992.8,0,,Clear sky
2025-12-09 13:00:00,KSAT,San Antonio Intl,San Antonio,San Antonio,60.4,43,38.0,56.4,0.0,0.0,0.0,0,5.3,198,14.3,991.4,0,,Clear sky
2025-12-09 14:00:00,KSAT,San Antonio Intl,San Antonio,San Antonio,62.2,40,37.3,57.2,0.0,0.0,0.0,0,6.4,197,16.1,990.1,0,,Clear sky
2025-12-09 15:00:00,KSAT,San Antonio Intl,San Antonio,San Antonio,63.2,36,35.7,56.9,0.0,0.0,0.0,0,7.3,195,16.8,989.3,0,,Clear sky
2025-12-09 16:00:00,KSAT,San Antonio Intl,San Antonio,San Antonio,62.7,37,36.2,56.8,0.0,0.0,0.0,0,6.6,194,16.8,989.2,0,,Clear sky
2025-12-09 17:00:00,KSAT,San Antonio Intl,San Antonio,San Antonio,59.8,46,38.8,54.9,0.0,0.0,0.0,0,5.3,188,14.1,988.5,0,,Clear sky
2025-12-09 18:00:00,KSAT,San Antonio Intl,San Antonio,San Antonio,57.6,46,36.7,51.8,0.0,0.0,0.0,0,6.4,187,12.1,987.5,0,,Clear sky
2025-12-09 19:00:00,KSAT,San Antonio Intl,San Antonio,San Antonio,56.7,48,37.3,51.2,0.0,0.0,0.0,0,6.0,194,11.6,987.3,0,,Clear sky
2025-12-09 20:00:00,KSAT,San Antonio Intl,San Antonio,San Antonio,55.6,52,38.3,50.3,0.0,0.0,0.0,0,5.9,202,11.2,987.2,0,,Clear sky
2025-12-09 21:00:00,KSAT,San Antonio Intl,San Antonio,San Antonio,55.0,57,40.2,50.0,0.0,0.0,0.0,0,6.3,209,11.6,987.3,0,,Clear sky
2025-12-09 22:00:00,KSAT,San Antonio Intl,San Antonio,San Antonio,54.3,61,41.0,49.6,0.0,0.0,0.0,0,5.9,209,11.6,987.6,0,,Clear sky
2025-12-09 23:00:00,KSAT,San Antonio Intl,San Antonio,San Antonio,53.0,64,41.2,48.5,0.0,0.0,0.0,0,5.6,205,10.7,987.6,0,,Clear sky
2025-12-10 00:00:00,KSAT,San Antonio Intl,San Antonio,San Antonio,51.0,67,40.4,45.7,0.0,0.0,0.0,0,7.0,211,12.8,987.2,0,,Clear sky
2025-12-10 01:00:00,KSAT,San Antonio Intl,San Antonio,San Antonio,49.7,69,40.1,44.7,0.0,0.0,0.0,0,6.2,216,13.0,986.6,0,,Clear sky
2025-12-10 02:00:00,KSAT,San Antonio Intl,San Antonio,San Antonio,48.9,71,39.8,44.1,0.0,0.0,0.0,0,5.6,223,11.4,986.2,0,,Clear sky
2025-12-10 03:00:00,KSAT,San Antonio Intl,San Antonio,San Antonio,47.9,72,39.4,43.4,0.0,0.0,0.0,0,4.9,232,10.3,985.9,0,,Clear sky
2025-12-10 04:00:00,KSAT,San Antonio Intl,San Antonio,San Antonio,47.4,73,39.0,42.7,0.0,0.0,0.0,0,4.9,232,8.9,985.4,0,,Clear sky
2025-12-10 05:00:00,KSAT,San Antonio Intl,San Antonio,San Antonio,47.1,73,38.8,42.4,0.0,0.0,0.0,0,4.9,241,8.7,985.1,0,,Clear sky
2025-12-10 06:00:00,KSAT,San Antonio Intl,San Antonio,San Antonio,47.0,76,40.0,42.4,0.0,0.0,0.0,0,5.4,244,9.2,985.5,0,,Clear sky
2025-12-10 07:00:00,KSAT,San Antonio Intl,San Antonio,San Antonio,45.8,77,39.1,41.2,0.0,0.0,0.0,0,4.7,258,9.6,985.9,0,,Clear sky
2025-12-10 08:00:00,KSAT,San Antonio Intl,San Antonio,San Antonio,47.4,75,39.7,42.7,0.0,0.0,0.0,0,5.4,271,9.2,986.6,0,,Clear sky
2025-12-10 09:00:00,KSAT,San Antonio Intl,San Antonio,San Antonio,52.6,68,42.4,48.6,0.0,0.0,0.0,0,5.1,288,9.6,987.7,0,,Clear sky
2025-12-10 10:00:00,KSAT,San Antonio Intl,San Antonio,San Antonio,58.7,59,44.4,56.1,0.0,0.0,0.0,0,2.9,270,9.4,988.6,0,,Clear sky
2025-12-10 11:00:00,KSAT,San Antonio Intl,San Antonio,San Antonio,64.3,52,46.3,62.3,0.0,0.0,0.0,0,2.6,337,8.5,989.1,0,,Clear sky
2025-12-10 12:00:00,KSAT,San Antonio Intl,San Antonio,San Antonio,71.0,41,45.8,68.0,0.0,0.0,0.0,2,5.8,15,16.1,988.4,0,,Clear sky
2025-12-10 13:00:00,KSAT,San Antonio Intl,San Antonio,San Antonio,72.4,31,39.8,66.3,0.0,0.0,0.0,63,10.5,19,23.0,988.1,2,,Partly cloudy
2025-12-10 14:00:00,KSAT,San Antonio Intl,San Antonio,San Antonio,71.3,32,40.1,65.0,0.0,0.0,0.0,91,10.3,24,24.2,988.0,3,,Overcast
2025-12-10 15:00:00,KSAT,San Antonio Intl,San Antonio,San Antonio,71.2,30,38.4,64.2,0.0,0.0,0.0,92,10.3,30,23.0,988.2,3,,Overcast
2025-12-10 16:00:00,KSAT,San Antonio Intl,San Antonio,San Antonio,69.4,35,40.4,63.1,0.0,0.0,0.0,84,9.6,33,22.6,988.8,3,,Overcast
2025-12-10 17:00:00,KSAT,San Antonio Intl,San Antonio,San Antonio,65.9,40,41.1,59.9,0.0,0.0,0.0,18,9.0,34,19.9,989.5,0,,Clear sky
2025-12-10 18:00:00,KSAT,San Antonio Intl,San Antonio,San Antonio,62.6,42,39.3,56.8,0.0,0.0,0.0,2,7.7,30,18.3,989.9,0,,Clear sky
2025-12-10 19:00:00,KSAT,San Antonio Intl,San Antonio,San Antonio,60.2,42,36.9,53.9,0.0,0.0,0.0,0,7.7,29,15.0,990.9,0,,Clear sky
2025-12-10 20:00:00,KSAT,San Antonio Intl,San Antonio,San Antonio,57.8,43,35.5,51.7,0.0,0.0,0.0,0,6.9,26,15.0,991.4,0,,Clear sky
2025-12-10 21:00:00,KSAT,San Antonio Intl,San Antonio,San Antonio,55.8,46,35.3,49.6,0.0,0.0,0.0,0,6.8,20,13.0,991.7,0,,Clear sky
2025-12-10 22:00:00,KSAT,San Antonio Intl,San Antonio,San Antonio,54.1,49,35.2,48.1,0.0,0.0,0.0,0,6.6,15,13.0,992.3,0,,Clear sky
2025-12-10 23:00:00,KSAT,San Antonio Intl,San Antonio,San Antonio,52.9,50,34.9,46.6,0.0,0.0,0.0,0,7.0,14,13.2,992.8,0,,Clear sky
2025-12-11 00:00:00,KSAT,San Antonio Intl,San Antonio,San Antonio,50.4,54,34.3,43.5,0.0,0.0,0.0,0,8.1,11,14.5,993.2,0,,Clear sky
2025-12-11 01:00:00,KSAT,San Antonio Intl,San Antonio,San Antonio,49.1,53,32.5,42.1,0.0,0.0,0.0,0,7.8,15,15.2,993.1,0,,Clear sky
2025-12-11 02:00:00,KSAT,San Antonio Intl,San Antonio,San Antonio,47.8,51,30.7,41.1,0.0,0.0,0.0,0,6.6,9,14.8,992.6,0,,Clear sky
2025-12-11 03:00:00,KSAT,San Antonio Intl,San Antonio,San Antonio,46.5,52,29.8,39.8,0.0,0.0,0.0,0,5.9,360,12.5,992.6,0,,Clear sky
2025-12-11 04:00:00,KSAT,San Antonio Intl,San Antonio,San Antonio,45.5,53,29.3,38.9,0.0,0.0,0.0,0,5.6,358,11.4,992.8,0,,Clear sky
2025-12-11 05:00:00,KSAT,San Antonio Intl,San Antonio,San Antonio,44.5,55,29.5,38.2,0.0,0.0,0.0,0,4.9,355,10.5,992.3,0,,Clear sky
2025-12-11 06:00:00,KSAT,San Antonio Intl,San Antonio,San Antonio,43.3,57,29.1,36.8,0.0,0.0,0.0,0,5.4,1,9.4,992.1,0,,Clear sky
2025-12-11 07:00:00,KSAT,San Antonio Intl,San Antonio,San Antonio,41.8,60,28.8,35.3,0.0,0.0,0.0,0,5.2,7,9.8,992.4,0,,Clear sky
2025-12-11 08:00:00,KSAT,San Antonio Intl,San Antonio,San Antonio,43.4,57,29.2,37.1,0.0,0.0,0.0,0,4.9,11,9.6,992.5,0,,Clear sky
2025-12-11 09:00:00,KSAT,San Antonio Intl,San Antonio,San Antonio,49.3,52,32.3,43.7,0.0,0.0,0.0,0,4.4,13,9.2,993.1,0,,Clear sky
2025-12-11 10:00:00,KSAT,San Antonio Intl,San Antonio,San Antonio,54.9,41,31.8,49.8,0.0,0.0,0.0,0,2.8,69,8.5,993.6,0,,Clear sky
2025-12-11 11:00:00,KSAT,San Antonio Intl,San Antonio,San Antonio,58.1,36,31.5,52.8,0.0,0.0,0.0,0,3.3,121,10.3,993.2,0,,Clear sky
2025-12-11 12:00:00,KSAT,San Antonio Intl,San Antonio,San Antonio,62.4,31,31.6,57.5,0.0,0.0,0.0,0,3.9,153,11.6,992.2,0,,Clear sky
2025-12-11 13:00:00,KSAT,San Antonio Intl,San Antonio,San Antonio,64.5,32,33.9,60.1,0.0,0.0,0.0,0,4.4,181,12.8,990.5,0,,Clear sky
2025-12-11 14:00:00,KSAT,San Antonio Intl,San Antonio,San Antonio,65.7,32,35.2,60.8,0.0,0.0,0.0,0,4.9,191,13.4,989.2,0,,Clear sky
2025-12-11 15:00:00,KSAT,San Antonio Intl,San Antonio,San Antonio,66.3,33,36.0,60.7,0.0,0.0,0.0,0,5.8,191,14.3,988.5,0,,Clear sky
2025-12-11 16:00:00,KSAT,San Antonio Intl,San Antonio,San Antonio,65.8,35,37.1,60.4,0.0,0.0,0.0,0,5.6,187,14.5,987.9,0,,Clear sky
2025-12-11 17:00:00,KSAT,San Antonio Intl,San Antonio,San Antonio,63.0,46,42.1,59.8,0.0,0.0,0.0,0,3.1,178,12.5,987.3,0,,Clear sky
2025-12-11 18:00:00,KSAT,San Antonio Intl,San Antonio,San Antonio,59.7,52,42.1,56.4,0.0,0.0,0.0,0,3.2,160,5.8,987.1,0,,Clear sky
2025-12-11 19:00:00,KSAT,San Antonio Intl,San Antonio,San Antonio,59.2,50,40.7,55.3,0.0,0.0,0.0,0,3.8,182,5.8,987.2,0,,Clear sky
2025-12-11 20:00:00,KSAT,San Antonio Intl,San Antonio,San Antonio,59.1,46,38.1,54.5,0.0,0.0,0.0,0,4.4,203,6.9,987.2,0,,Clear sky
2025-12-11 21:00:00,KSAT,San Antonio Intl,San Antonio,San Antonio,58.2,47,38.2,53.6,0.0,0.0,0.0,0,4.4,207,7.8,987.1,0,,Clear sky
2025-12-11 22:00:00,KSAT,San Antonio Intl,San Antonio,San Antonio,57.0,50,38.4,52.3,0.0,0.0,0.0,0,4.7,195,8.1,986.8,0,,Clear sky
2025-12-11 23:00:00,KSAT,San Antonio Intl,San Antonio,San Antonio,55.6,53,38.9,50.8,0.0,0.0,0.0,0,5.1,190,9.2,986.7,0,,Clear sky
2025-12-12 00:00:00,KSAT,San Antonio Intl,San Antonio,San Antonio,53.6,61,40.3,49.2,0.0,0.0,0.0,0,4.8,205,9.4,986.1,0,,Clear sky
2025-12-12 01:00:00,KSAT,San Antonio Intl,San Antonio,San Antonio,52.6,67,42.1,48.7,0.0,0.0,0.0,0,4.7,224,8.3,985.6,0,,Clear sky
2025-12-12 02:00:00,KSAT,San Antonio Intl,San Antonio,San Antonio,52.2,77,45.3,49.0,0.0,0.0,0.0,0,4.6,231,8.7,985.6,0,,Clear sky
2025-12-12 03:00:00,KSAT,San Antonio Intl,San Antonio,San Antonio,51.5,85,47.3,49.1,0.0,0.0,0.0,0,4.0,243,8.1,985.4,0,,Clear sky
2025-12-12 04:00:00,KSAT,San Antonio Intl,San Antonio,San Antonio,51.6,89,48.4,49.5,0.0,0.0,0.0,0,3.9,250,6.9,985.3,0,,Clear sky
2025-12-12 05:00:00,KSAT,San Antonio Intl,San Antonio,San Antonio,51.2,92,48.8,49.4,0.0,0.0,0.0,0,3.6,246,6.7,985.4,0,,Clear sky
2025-12-12 06:00:00,KSAT,San Antonio Intl,San Antonio,San Antonio,54.7,100,54.7,54.7,0.0,0.0,0.0,100,3.4,233,5.6,985.5,3,,Overcast
2025-12-12 07:00:00,KSAT,San Antonio Intl,San Antonio,San Antonio,55.5,100,55.5,55.8,0.0,0.0,0.0,100,3.5,230,6.3,985.9,3,,Overcast
2025-12-12 08:00:00,KSAT,San Antonio Intl,San Antonio,San Antonio,55.8,100,55.8,56.2,0.0,0.0,0.0,100,3.6,238,6.0,986.5,3,,Overcast
2025-12-12 09:00:00,KSAT,San Antonio Intl,San Antonio,San Antonio,57.7,98,57.2,58.8,0.0,0.0,0.0,100,2.7,232,6.7,987.2,3,,Overcast
2025-12-12 10:00:00,KSAT,San Antonio Intl,San Antonio,San Antonio,59.2,98,58.6,60.6,0.0,0.0,0.0,100,3.3,222,8.1,987.9,3,,Overcast
2025-12-12 11:00:00,KSAT,San Antonio Intl,San Antonio,San Antonio,60.9,95,59.5,62.8,0.0,0.0,0.0,100,3.2,207,8.9,988.2,3,,Overcast
2025-12-12 12:00:00,KSAT,San Antonio Intl,San Antonio,San Antonio,64.2,95,62.8,67.1,0.0,0.0,0.0,100,3.8,212,9.2,987.7,3,,Overcast
2025-12-12 13:00:00,KSAT,San Antonio Intl,San Antonio,San Antonio,66.3,91,63.6,69.3,0.004,0.004,0.0,100,4.4,210,10.1,987.2,51,,Light drizzle
2025-12-12 14:00:00,KSAT,San Antonio Intl,San Antonio,San Antonio,68.2,84,63.0,71.0,0.004,0.004,0.0,40,4.3,210,13.0,986.4,51,,Light drizzle
2025-12-12 15:00:00,KSAT,San Antonio Intl,San Antonio,San Antonio,71.0,74,62.2,74.2,0.0,0.0,0.0,26,2.6,190,10.7,986.2,1,,Mainly clear
2025-12-12 16:00:00,KSAT,San Antonio Intl,San Antonio,San Antonio,72.0,69,61.4,74.9,0.0,0.0,0.0,20,2.4,149,8.1,986.1,1,,Mainly clear
2025-12-12 17:00:00,KSAT,San Antonio Intl,San Antonio,San Antonio,69.8,77,62.2,73.3,0.0,0.0,0.0,15,1.9,57,6.5,985.8,0,,Clear sky
2025-12-12 18:00:00,KSAT,San Antonio Intl,San Antonio,San Antonio,65.1,81,59.0,67.6,0.0,0.0,0.0,1,1.3,360,7.4,986.1,0,,Clear sky
2025-12-12 19:00:00,KSAT,San Antonio Intl,San Antonio,San Antonio,64.2,84,59.3,66.1,0.0,0.0,0.0,1,2.8,353,5.8,986.5,0,,Clear sky
2025-12-12 20:00:00,KSAT,San Antonio Intl,San Antonio,San Antonio,62.2,89,58.9,64.3,0.0,0.0,0.0,20,2.0,9,6.3,986.9,1,,Mainly clear
2025-12-12 21:00:00,KSAT,San Antonio Intl,San Antonio,San Antonio,62.7,89,59.3,63.9,0.0,0.0,0.0,30,4.5,63,7.6,987.9,1,,Mainly clear
2025-12-12 22:00:00,KSAT,San Antonio Intl,San Antonio,San Antonio,62.6,90,59.6,64.3,0.0,0.0,0.0,30,3.7,65,8.1,988.4,1,,Mainly clear
2025-12-12 23:00:00,KSAT,San Antonio Intl,San Antonio,San Antonio,61.1,93,59.0,62.9,0.0,0.0,0.0,7,2.8,58,6.5,988.7,0,,Clear sky
2025-12-13 00:00:00,KSAT,San Antonio Intl,San Antonio,San Antonio,60.5,93,58.5,62.9,0.0,0.0,0.0,100,1.0,360,4.3,988.8,3,,Overcast
2025-12-13 01:00:00,KSAT,San Antonio Intl,San Antonio,San Antonio,60.6,93,58.7,62.7,0.0,0.0,0.0,100,2.0,360,4.5,988.9,3,,Overcast
2025-12-13 02:00:00,KSAT,San Antonio Intl,San Antonio,San Antonio,60.6,94,58.9,62.5,0.0,0.0,0.0,100,2.6,2,4.9,988.8,3,,Overcast
2025-12-13 03:00:00,KSAT,San Antonio Intl,San Antonio,San Antonio,61.0,95,59.6,63.0,0.0,0.0,0.0,100,2.9,13,5.1,988.8,3,,Overcast
2025-12-13 04:00:00,KSAT,San Antonio Intl,San Antonio,San Antonio,61.4,96,60.3,63.7,0.0,0.0,0.0,100,3.1,19,5.6,988.9,3,,Overcast
2025-12-13 05:00:00,KSAT,San Antonio Intl,San Antonio,San Antonio,61.8,97,60.9,64.2,0.0,0.0,0.0,100,3.1,26,5.8,988.2,3,,Overcast
2025-12-13 06:00:00,KSAT,San Antonio Intl,San Antonio,San Antonio,62.2,99,61.9,65.4,0.0,0.0,0.0,100,2.3,47,6.5,988.2,3,,Overcast
2025-12-13 07:00:00,KSAT,San Antonio Intl,San Antonio,San Antonio,63.0,98,62.6,66.0,0.0,0.0,0.0,100,3.6,76,6.0,988.5,3,,Overcast
2025-12-13 08:00:00,KSAT,San Antonio Intl,San Antonio,San Antonio,63.6,98,63.0,66.7,0.0,0.0,0.0,100,3.5,53,6.0,989.0,3,,Overcast
2025-12-13 09:00:00,KSAT,San Antonio Intl,San Antonio,San Antonio,64.5,97,63.6,68.0,0.0,0.0,0.0,100,3.2,51,7.2,989.7,3,,Overcast
2025-12-13 10:00:00,KSAT,San Antonio Intl,San Antonio,San Antonio,66.1,94,64.4,70.2,0.004,0.004,0.0,100,2.7,60,8.1,990.3,51,,Light drizzle
2025-12-13 11:00:00,KSAT,San Antonio Intl,San Antonio,San Antonio,67.1,92,64.8,71.4,0.0,0.0,0.0,100,2.6,83,8.1,990.1,3,,Overcast
2025-12-13 12:00:00,KSAT,San Antonio Intl,San Antonio,San Antonio,68.4,91,65.8,73.6,0.004,0.004,0.0,100,1.8,90,8.1,989.1,51,,Light drizzle
2025-12-13 13:00:00,KSAT,San Antonio Intl,San Antonio,San Antonio,70.1,88,66.2,75.1,0.0,0.0,0.0,100,2.4,208,7.6,988.2,3,,Overcast
2025-12-13 14:00:00,KSAT,San Antonio Intl,San Antonio,San Antonio,71.9,81,65.6,75.8,0.0,0.0,0.0,12,4.3,240,11.6,987.6,0,,Clear sky
2025-12-13 15:00:00,KSAT,San Antonio Intl,San Antonio,San Antonio,74.1,70,63.6,77.5,0.0,0.0,0.0,2,3.6,223,12.5,987.4,0,,Clear sky
2025-12-13 16:00:00,KSAT,San Antonio Intl,San Antonio,San Antonio,74.3,66,62.4,77.2,0.0,0.0,0.0,2,3.6,196,10.5,987.2,0,,Clear sky
2025-12-13 17:00:00,KSAT,San Antonio Intl,San Antonio,San Antonio,72.1,78,64.8,76.8,0.0,0.0,0.0,0,1.7,160,9.2,986.9,0,,Clear sky
2025-12-13 18:00:00,KSAT,San Antonio Intl,San Antonio,San Antonio,69.2,79,62.3,72.5,0.0,0.0,0.0,8,2.4,191,2.5,987.5,0,,Clear sky
2025-12-13 19:00:00,KSAT,San Antonio Intl,San Antonio,San Antonio,68.3,82,62.4,71.4,0.0,0.0,0.0,2,3.0,193,4.5,988.1,0,,Clear sky
2025-12-13 20:00:00,KSAT,San Antonio Intl,San Antonio,San Antonio,67.5,84,62.5,70.5,0.0,0.0,0.0,100,3.4,182,5.8,988.6,3,,Overcast
2025-12-13 21:00:00,KSAT,San Antonio Intl,San Antonio,San Antonio,66.1,86,61.7,69.6,0.0,0.0,0.0,45,1.5,207,5.4,989.2,1,,Mainly clear
2025-12-13 22:00:00,KSAT,San Antonio Intl,San Antonio,San Antonio,64.7,88,61.2,67.8,0.0,0.0,0.0,38,1.8,330,2.9,989.8,1,,Mainly clear
2025-12-13 23:00:00,KSAT,San Antonio Intl,San Antonio,San Antonio,62.4,93,60.4,64.0,0.0,0.0,0.0,100,4.6,352,8.1,990.4,3,,Overcast
2025-12-14 00:00:00,KSAT,San Antonio Intl,San Antonio,San Antonio,60.6,92,58.4,61.6,0.0,0.0,0.0,91,4.3,353,8.5,990.9,3,,Overcast
2025-12-14 01:00:00,KSAT,San Antonio Intl,San Antonio,San Antonio,60.5,92,58.1,60.5,0.0,0.0,0.0,24,6.4,13,11.2,991.7,1,,Mainly clear
2025-12-14 02:00:00,KSAT,San Antonio Intl,San Antonio,San Antonio,61.2,93,59.2,60.5,0.0,0.0,0.0,34,8.8,23,16.3,992.7,1,,Mainly clear
2025-12-14 03:00:00,KSAT,San Antonio Intl,San Antonio,San Antonio,61.5,97,60.8,60.6,0.004,0.004,0.0,100,11.1,30,21.0,993.5,51,,Light drizzle
2025-12-14 04:00:00,KSAT,San Antonio Intl,San Antonio,San Antonio,60.1,90,57.1,55.8,0.004,0.004,0.0,100,15.6,28,31.1,994.8,51,,Light drizzle
2025-12-14 05:00:00,KSAT,San Antonio Intl,San Antonio,San Antonio,56.9,88,53.3,51.5,0.004,0.004,0.0,100,15.3,23,32.0,996.2,51,,Light drizzle
2025-12-14 06:00:00,KSAT,San Antonio Intl,San Antonio,San Antonio,56.0,83,51.1,50.2,0.004,0.004,0.0,38,14.7,18,32.2,996.9,51,,Light drizzle
2025-12-14 07:00:00,KSAT,San Antonio Intl,San Antonio,San Antonio,53.4,79,47.2,47.0,0.0,0.0,0.0,71,13.5,16,30.6,998.4,2,,Partly cloudy
2025-12-14 08:00:00,KSAT,San Antonio Intl,San Antonio,San Antonio,52.3,68,42.2,44.3,0.0,0.0,0.0,94,14.4,15,29.3,999.8,3,,Overcast
2025-12-14 09:00:00,KSAT,San Antonio Intl,San Antonio,San Antonio,51.3,60,38.0,42.2,0.0,0.0,0.0,91,15.0,17,31.8,1001.2,3,,Overcast
2025-12-14 10:00:00,KSAT,San Antonio Intl,San Antonio,San Antonio,50.6,56,35.3,41.2,0.0,0.0,0.0,100,14.6,18,32.2,1002.4,3,,Overcast
2025-12-14 11:00:00,KSAT,San Antonio Intl,San Antonio,San Antonio,50.6,53,34.2,41.3,0.0,0.0,0.0,99,13.9,18,31.8,1002.9,3,,Overcast
2025-12-14 12:00:00,KSAT,San Antonio Intl,San Antonio,San Antonio,49.5,56,34.7,40.8,0.0,0.0,0.0,100,12.8,16,30.9,1003.3,3,,Overcast
2025-12-14 13:00:00,KSAT,San Antonio Intl,San Antonio,San Antonio,50.4,54,34.4,42.0,0.0,0.0,0.0,77,11.7,14,28.2,1002.9,2,,Partly cloudy
2025-12-14 14:00:00,KSAT,San Antonio Intl,San Antonio,San Antonio,49.7,52,32.6,40.8,0.0,0.0,0.0,78,12.3,13,27.7,1002.7,2,,Partly cloudy
2025-12-14 15:00:00,KSAT,San Antonio Intl,San Antonio,San Antonio,48.5,51,31.0,39.2,0.0,0.0,0.0,61,12.6,15,28.2,1002.6,2,,Partly cloudy
2025-12-14 16:00:00,KSAT,San Antonio Intl,San Antonio,San Antonio,46.7,52,29.9,37.5,0.0,0.0,0.0,73,11.9,17,28.2,1002.4,2,,Partly cloudy
2025-12-14 17:00:00,KSAT,San Antonio Intl,San Antonio,San Antonio,45.7,53,29.7,37.3,0.0,0.0,0.0,74,10.1,21,25.9,1002.6,2,,Partly cloudy
2025-12-14 18:00:00,KSAT,San Antonio Intl,San Antonio,San Antonio,43.4,58,29.7,35.5,0.0,0.0,0.0,59,8.8,15,21.5,1003.6,2,,Partly cloudy
2025-12-14 19:00:00,KSAT,San Antonio Intl,San Antonio,San Antonio,42.3,60,29.2,34.6,0.0,0.0,0.0,59,8.2,14,18.6,1004.1,2,,Partly cloudy
2025-12-14 20:00:00,KSAT,San Antonio Intl,San Antonio,San Antonio,41.7,62,29.6,34.4,0.0,0.0,0.0,73,7.5,19,17.4,1004.5,2,,Partly cloudy
2025-12-14 21:00:00,KSAT,San Antonio Intl,San Antonio,San Antonio,41.8,62,29.8,34.6,0.0,0.0,0.0,98,7.1,20,15.9,1004.9,3,,Overcast
2025-12-14 22:00:00,KSAT,San Antonio Intl,San Antonio,San Antonio,41.9,62,29.8,34.9,0.0,0.0,0.0,82,6.8,23,15.2,1005.0,3,,Overcast
2025-12-14 23:00:00,KSAT,San Antonio Intl,San Antonio,San Antonio,41.4,63,29.8,34.6,0.0,0.0,0.0,55,6.2,32,14.8,1004.6,2,,Partly cloudy
2025-12-15 00:00:00,KSAT,San Antonio Intl,San Antonio,San Antonio,40.5,68,30.6,34.4,0.0,0.0,0.0,70,4.7,21,13.4,1004.4,2,,Partly cloudy
2025-12-15 01:00:00,KSAT,San Antonio Intl,San Antonio,San Antonio,40.1,69,30.6,34.2,0.0,0.0,0.0,61,4.3,12,10.1,1004.1,2,,Partly cloudy
2025-12-15 02:00:00,KSAT,San Antonio Intl,San Antonio,San Antonio,39.7,69,30.6,33.7,0.0,0.0,0.0,78,4.7,11,10.1,1003.9,2,,Partly cloudy
2025-12-15 03:00:00,KSAT,San Antonio Intl,San Antonio,San Antonio,39.0,71,30.3,32.8,0.0,0.0,0.0,84,5.1,19,10.5,1003.7,3,,Overcast
2025-12-15 04:00:00,KSAT,San Antonio Intl,San Antonio,San Antonio,38.7,70,29.7,32.1,0.0,0.0,0.0,100,5.6,25,12.1,1003.5,3,,Overcast
2025-12-15 05:00:00,KSAT,San Antonio Intl,San Antonio,San Antonio,38.3,70,29.2,31.7,0.0,0.0,0.0,100,5.6,29,12.5,1003.2,3,,Overcast
2025-12-15 06:00:00,KSAT,San Antonio Intl,San Antonio,San Antonio,37.0,73,29.0,30.9,0.0,0.0,0.0,100,4.3,14,12.5,1003.9,3,,Overcast
2025-12-15 07:00:00,KSAT,San Antonio Intl,San Antonio,San Antonio,36.9,72,28.7,30.9,0.0,0.0,0.0,100,4.0,23,9.6,1004.0,3,,Overcast
2025-12-15 08:00:00,KSAT,San Antonio Intl,San Antonio,San Antonio,37.5,70,28.6,32.0,0.0,0.0,0.0,100,2.7,22,8.5,1004.2,3,,Overcast
2025-12-15 09:00:00,KSAT,San Antonio Intl,San Antonio,San Antonio,38.9,66,28.6,33.9,0.0,0.0,0.0,100,1.6,12,6.9,1004.4,3,,Overcast
2025-12-15 10:00:00,KSAT,San Antonio Intl,San Antonio,San Antonio,41.5,60,28.6,36.6,0.0,0.0,0.0,100,1.3,52,7.2,1004.5,3,,Overcast
2025-12-15 11:00:00,KSAT,San Antonio Intl,San Antonio,San Antonio,44.8,54,29.0,40.1,0.0,0.0,0.0,100,1.0,103,8.3,1003.4,3,,Overcast
2025-12-15 12:00:00,KSAT,San Antonio Intl,San Antonio,San Antonio,47.8,47,28.4,43.2,0.0,0.0,0.0,100,1.4,151,8.7,1002.1,3,,Overcast
2025-12-15 13:00:00,KSAT,San Antonio Intl,San Antonio,San Antonio,51.0,44,29.7,46.4,0.0,0.0,0.0,99,1.7,165,9.4,1000.6,3,,Overcast
2025-12-15 14:00:00,KSAT,San Antonio Intl,San Antonio,San Antonio,52.7,43,30.7,47.7,0.0,0.0,0.0,73,2.4,188,9.8,999.1,2,,Partly cloudy
2025-12-15 15:00:00,KSAT,San Antonio Intl,San Antonio,San Antonio,54.1,42,31.5,49.3,0.0,0.0,0.0,100,2.3,197,10.1,998.3,3,,Overcast
2025-12-15 16:00:00,KSAT,San Antonio Intl,San Antonio,San Antonio,54.2,42,31.7,49.4,0.0,0.0,0.0,100,2.4,177,9.4,997.6,3,,Overcast
2025-12-15 17:00:00,KSAT,San Antonio Intl,San Antonio,San Antonio,53.2,45,32.5,48.3,0.0,0.0,0.0,99,2.8,148,8.1,997.0,3,,Overcast
2025-12-15 18:00:00,KSAT,San Antonio Intl,San Antonio,San Antonio,51.7,51,34.0,46.6,0.0,0.0,0.0,100,3.7,160,6.3,996.6,3,,Overcast
2025-12-15 19:00:00,KSAT,San Antonio Intl,San Antonio,San Antonio,50.6,52,33.7,45.4,0.0,0.0,0.0,100,4.0,169,7.6,996.8,3,,Overcast
2025-12-15 20:00:00,KSAT,San Antonio Intl,San Antonio,San Antonio,50.1,53,33.5,45.0,0.0,0.0,0.0,100,3.5,184,7.4,996.8,3,,Overcast
2025-12-15 21:00:00,KSAT,San Antonio Intl,San Antonio,San Antonio,49.6,50,31.9,44.0,0.0,0.0,0.0,100,4.2,175,7.4,996.8,3,,Overcast
2025-12-15 22:00:00,KSAT,San Antonio Intl,San Antonio,San Antonio,48.7,47,29.3,42.5,0.0,0.0,0.0,100,4.6,173,8.7,996.6,3,,Overcast
2025-12-15 23:00:00,KSAT,San Antonio Intl,San Antonio,San Antonio,47.9,47,28.9,41.9,0.0,0.0,0.0,100,4.2,186,8.7,996.0,3,,Overcast
2025-12-16 00:00:00,KSAT,San Antonio Intl,San Antonio,San Antonio,46.2,51,28.9,40.0,0.0,0.0,0.0,100,4.5,189,7.8,995.5,3,,Overcast
2025-12-16 01:00:00,KSAT,San Antonio Intl,San Antonio,San Antonio,45.9,55,30.5,40.1,0.0,0.0,0.0,100,4.1,191,8.3,994.9,3,,Overcast
2025-12-16 02:00:00,KSAT,San Antonio Intl,San Antonio,San Antonio,45.2,57,31.1,39.7,0.0,0.0,0.0,100,3.8,194,7.8,994.4,3,,Overcast
2025-12-16 03:00:00,KSAT,San Antonio Intl,San Antonio,San Antonio,44.4,60,31.5,39.1,0.0,0.0,0.0,32,3.5,195,7.2,994.3,1,,Mainly clear
2025-12-16 04:00:00,KSAT,San Antonio Intl,San Antonio,San Antonio,43.6,64,32.1,38.5,0.0,0.0,0.0,86,3.1,186,6.5,993.7,3,,Overcast
2025-12-16 05:00:00,KSAT,San Antonio Intl,San Antonio,San Antonio,43.2,67,33.2,38.5,0.0,0.0,0.0,100,2.6,185,5.6,993.3,3,,Overcast
2025-12-16 06:00:00,KSAT,San Antonio Intl,San Antonio,San Antonio,42.7,74,35.1,38.4,0.0,0.0,0.0,100,2.4,175,4.5,993.4,3,,Overcast
2025-12-16 07:00:00,KSAT,San Antonio Intl,San Antonio,San Antonio,43.0,72,34.5,38.4,0.0,0.0,0.0,100,2.7,158,4.7,993.5,3,,Overcast
2025-12-16 08:00:00,KSAT,San Antonio Intl,San Antonio,San Antonio,44.2,69,34.5,39.4,0.0,0.0,0.0,100,3.1,136,5.4,993.3,3,,Overcast
2025-12-16 09:00:00,KSAT,San Antonio Intl,San Antonio,San Antonio,46.8,65,35.5,42.4,0.0,0.0,0.0,100,2.9,111,7.2,993.3,3,,Overcast
2025-12-16 10:00:00,KSAT,San Antonio Intl,San Antonio,San Antonio,49.4,61,36.7,45.6,0.0,0.0,0.0,100,1.7,110,6.9,993.7,3,,Overcast
2025-12-16 11:00:00,KSAT,San Antonio Intl,San Antonio,San Antonio,50.8,61,38.0,47.7,0.0,0.0,0.0,100,0.8,124,6.0,993.4,3,,Overcast
2025-12-16 12:00:00,KSAT,San Antonio Intl,San Antonio,San Antonio,51.5,70,41.9,49.2,0.0,0.0,0.0,100,0.8,135,5.4,992.4,3,,Overcast
2025-12-16 13:00:00,KSAT,San Antonio Intl,San Antonio,San Antonio,52.6,74,44.5,51.0,0.004,0.004,0.0,100,0.4,270,4.3,991.1,51,,Light drizzle
2025-12-16 14:00:00,KSAT,San Antonio Intl,San Antonio,San Antonio,53.9,76,46.4,52.6,0.004,0.004,0.0,100,0.8,270,4.7,989.9,51,,Light drizzle
2025-12-16 15:00:00,KSAT,San Antonio Intl,San Antonio,San Antonio,54.7,78,47.8,53.5,0.004,0.004,0.0,100,1.3,312,5.1,989.2,51,,Light drizzle
2025-12-16 16:00:00,KSAT,San Antonio Intl,San Antonio,San Antonio,55.0,80,48.9,54.0,0.004,0.004,0.0,100,1.9,320,5.1,989.1,51,,Light drizzle
2025-12-16 17:00:00,KSAT,San Antonio Intl,San Antonio,San Antonio,54.6,85,50.1,53.7,0.004,0.004,0.0,100,2.3,337,5.6,988.7,51,,Light drizzle
2025-12-16 18:00:00,KSAT,San Antonio Intl,San Antonio,San Antonio,53.8,96,52.6,54.1,0.0,0.0,0.0,100,1.1,84,4.5,988.9,3,,Overcast
2025-12-16 19:00:00,KSAT,San Antonio Intl,San Antonio,San Antonio,54.6,95,53.2,55.3,0.055,0.055,0.0,100,0.7,270,7.6,989.2,61,,Slight rain
2025-12-16 20:00:00,KSAT,San Antonio Intl,San Antonio,San Antonio,54.3,93,52.2,52.8,0.122,0.122,0.0,93,5.1,134,8.7,988.8,63,,Moderate rain
2025-12-16 21:00:00,KSAT,San Antonio Intl,San Antonio,San Antonio,54.0,94,52.2,53.2,0.165,0.165,0.0,75,3.5,155,9.2,989.2,63,,Moderate rain
2025-12-16 22:00:00,KSAT,San Antonio Intl,San Antonio,San Antonio,55.3,95,53.8,54.2,0.028,0.028,0.0,78,5.4,153,12.1,989.1,53,,Moderate drizzle
2025-12-16 23:00:00,KSAT,San Antonio Intl,San Antonio,San Antonio,55.0,96,53.8,55.5,0.0,0.0,0.0,85,1.8,145,8.5,989.0,3,,Overcast
2025-12-17 00:00:00,KSAT,San Antonio Intl,San Antonio,San Antonio,55.4,97,54.7,55.7,0.0,0.0,0.0,95,2.7,215,2.9,988.7,3,,Overcast
2025-12-17 01:00:00,KSAT,San Antonio Intl,San Antonio,San Antonio,56.3,98,55.8,57.2,0.0,0.0,0.0,100,2.1,270,4.0,988.5,3,,Overcast
2025-12-17 02:00:00,KSAT,San Antonio Intl,San Antonio,San Antonio,57.4,96,56.3,59.2,0.0,0.0,0.0,100,0.5,297,3.4,988.2,3,,Overcast
2025-12-17 03:00:00,KSAT,San Antonio Intl,San Antonio,San Antonio,57.7,96,56.6,59.5,0.0,0.0,0.0,100,0.9,240,1.6,987.3,3,,Overcast
2025-12-17 04:00:00,KSAT,San Antonio Intl,San Antonio,San Antonio,57.7,96,56.5,59.6,0.0,0.0,0.0,100,0.3,333,1.8,987.2,3,,Overcast
2025-12-17 05:00:00,KSAT,San Antonio Intl,San Antonio,San Antonio,57.4,97,56.7,58.8,0.0,0.0,0.0,100,1.8,97,2.7,987.3,3,,Overcast
2025-12-17 06:00:00,KSAT,San Antonio Intl,San Antonio,San Antonio,58.2,98,57.7,59.5,0.004,0.004,0.0,100,2.9,13,3.4,986.6,51,,Light drizzle
2025-12-17 07:00:00,KSAT,San Antonio Intl,San Antonio,San Antonio,58.5,99,58.3,59.9,0.004,0.004,0.0,100,3.4,46,5.8,987.0,51,,Light drizzle
2025-12-17 08:00:00,KSAT,San Antonio Intl,San Antonio,San Antonio,58.9,99,58.6,59.8,0.016,0.016,0.0,100,4.6,61,8.3,987.7,51,,Light drizzle
2025-12-17 09:00:00,KSAT,San Antonio Intl,San Antonio,San Antonio,59.6,99,59.3,60.5,0.016,0.016,0.0,100,5.3,61,9.6,988.2,51,,Light drizzle
2025-12-17 10:00:00,KSAT,San Antonio Intl,San Antonio,San Antonio,60.3,98,59.8,61.4,0.024,0.024,0.0,100,5.2,70,11.2,988.7,53,,Moderate drizzle
2025-12-17 11:00:00,KSAT,San Antonio Intl,San Antonio,San Antonio,61.7,93,59.6,63.0,0.02,0.02,0.0,100,4.7,52,10.7,988.4,53,,Moderate drizzle
2025-12-17 12:00:00,KSAT,San Antonio Intl,San Antonio,San Antonio,61.8,97,60.8,63.4,0.016,0.016,0.0,100,5.0,66,10.7,987.7,51,,Light drizzle
2025-12-17 13:00:00,KSAT,San Antonio Intl,San Antonio,San Antonio,61.6,99,61.2,62.9,0.055,0.055,0.0,100,6.1,78,12.3,986.8,61,,Slight rain
2025-12-17 14:00:00,KSAT,San Antonio Intl,San Antonio,San Antonio,63.0,94,61.1,64.9,0.016,0.016,0.0,100,4.6,101,12.8,985.9,51,,Light drizzle
2025-12-17 15:00:00,KSAT,San Antonio Intl,San Antonio,San Antonio,64.7,89,61.4,66.7,0.008,0.008,0.0,100,4.6,135,10.5,985.2,51,,Light drizzle
2025-12-17 16:00:00,KSAT,San Antonio Intl,San Antonio,San Antonio,65.8,85,61.2,67.8,0.004,0.004,0.0,100,4.5,136,10.7,984.9,51,,Light drizzle
2025-12-17 17:00:00,KSAT,San Antonio Intl,San Antonio,San Antonio,65.4,88,61.8,68.9,0.0,0.0,0.0,100,1.5,167,9.2,984.4,3,,Overcast
2025-12-17 18:00:00,KSAT,San Antonio Intl,San Antonio,San Antonio,63.3,98,62.7,66.0,0.004,0.004,0.0,100,4.4,151,3.1,984.4,51,,Light drizzle
2025-12-17 19:00:00,KSAT,San Antonio Intl,San Antonio,San Antonio,63.2,100,63.1,65.3,0.004,0.004,0.0,100,6.1,159,11.4,984.3,51,,Light drizzle
2025-12-17 20:00:00,KSAT,San Antonio Intl,San Antonio,San Antonio,63.2,99,63.0,65.2,0.0,0.0,0.0,100,6.4,178,11.9,984.1,3,,Overcast
2025-12-17 21:00:00,KSAT,San Antonio Intl,San Antonio,San Antonio,63.3,99,63.0,65.1,0.0,0.0,0.0,100,6.7,191,12.5,984.4,3,,Overcast
2025-12-17 22:00:00,KSAT,San Antonio Intl,San Antonio,San Antonio,63.0,100,63.0,64.8,0.0,0.0,0.0,100,6.8,197,12.8,984.1,3,,Overcast
2025-12-17 23:00:00,KSAT,San Antonio Intl,San Antonio,San Antonio,62.6,99,62.4,64.5,0.0,0.0,0.0,100,5.8,216,12.5,983.8,3,,Overcast
2025-12-18 00:00:00,KSAT,San Antonio Intl,San Antonio,San Antonio,62.9,100,62.8,65.3,0.0,0.0,0.0,100,4.9,210,10.5,983.0,3,,Overcast
2025-12-18 01:00:00,KSAT,San Antonio Intl,San Antonio,San Antonio,62.7,100,62.6,64.8,0.0,0.0,0.0,100,5.5,198,9.4,982.4,3,,Overcast
2025-12-18 02:00:00,KSAT,San Antonio Intl,San Antonio,San Antonio,61.7,99,61.5,62.6,0.0,0.0,0.0,100,7.4,238,13.6,982.3,3,,Overcast
2025-12-18 03:00:00,KSAT,San Antonio Intl,San Antonio,San Antonio,60.8,99,60.5,61.3,0.0,0.0,0.0,100,7.3,225,14.1,981.8,3,,Overcast
2025-12-18 04:00:00,KSAT,San Antonio Intl,San Antonio,San Antonio,59.9,100,59.8,60.4,0.0,0.0,0.0,100,6.7,228,13.2,981.3,3,,Overcast
2025-12-18 05:00:00,KSAT,San Antonio Intl,San Antonio,San Antonio,59.2,100,59.1,59.5,0.0,0.0,0.0,100,6.3,222,12.8,981.1,3,,Overcast
2025-12-18 06:00:00,KSAT,San Antonio Intl,San Antonio,San Antonio,59.1,100,59.0,60.0,0.0,0.0,0.0,100,5.0,230,13.9,981.2,3,,Overcast
2025-12-18 07:00:00,KSAT,San Antonio Intl,San Antonio,San Antonio,58.4,100,58.4,58.3,0.0,0.0,0.0,100,6.7,228,13.2,981.6,3,,Overcast
2025-12-18 08:00:00,KSAT,San Antonio Intl,San Antonio,San Antonio,57.7,99,57.3,56.8,0.0,0.0,0.0,100,7.6,231,14.3,982.3,3,,Overcast
2025-12-18 09:00:00,KSAT,San Antonio Intl,San Antonio,San Antonio,58.0,96,56.8,57.3,0.0,0.0,0.0,100,6.9,230,15.7,982.8,3,,Overcast
2025-12-18 10:00:00,KSAT,San Antonio Intl,San Antonio,San Antonio,60.0,88,56.3,59.3,0.0,0.0,0.0,5,6.4,239,16.8,983.7,0,,Clear sky
2025-12-18 11:00:00,KSAT,San Antonio Intl,San Antonio,San Antonio,64.3,73,55.3,63.4,0.0,0.0,0.0,0,6.1,245,15.7,983.6,0,,Clear sky
2025-12-18 12:00:00,KSAT,San Antonio Intl,San Antonio,San Antonio,68.9,67,57.3,68.9,0.0,0.0,0.0,0,6.5,248,16.1,983.4,0,,Clear sky
2025-12-18 13:00:00,KSAT,San Antonio Intl,San Antonio,San Antonio,72.8,59,57.6,73.8,0.0,0.0,0.0,0,5.1,238,15.9,982.8,0,,Clear sky
2025-12-18 14:00:00,KSAT,San Antonio Intl,San Antonio,San Antonio,77.5,27,40.5,71.3,0.0,0.0,0.0,0,10.1,344,21.0,983.0,0,,Clear sky
2025-12-18 15:00:00,KSAT,San Antonio Intl,San Antonio,San Antonio,74.8,33,43.8,68.6,0.0,0.0,0.0,0,10.8,360,26.2,983.7,0,,Clear sky
2025-12-18 16:00:00,KSAT,San Antonio Intl,San Antonio,San Antonio,71.7,36,43.1,65.4,0.0,0.0,0.0,0,10.8,13,26.6,985.0,0,,Clear sky
2025-12-18 17:00:00,KSAT,San Antonio Intl,San Antonio,San Antonio,69.3,34,39.5,62.5,0.0,0.0,0.0,0,10.2,12,22.4,986.0,0,,Clear sky
2025-12-18 18:00:00,KSAT,San Antonio Intl,San Antonio,San Antonio,65.2,36,37.8,58.9,0.0,0.0,0.0,0,8.2,13,20.8,987.1,0,,Clear sky
2025-12-18 19:00:00,KSAT,San Antonio Intl,San Antonio,San Antonio,62.6,37,36.2,56.1,0.0,0.0,0.0,0,7.9,10,15.4,988.2,0,,Clear sky
2025-12-18 20:00:00,KSAT,San Antonio Intl,San Antonio,San Antonio,61.1,34,32.6,53.5,0.0,0.0,0.0,0,9.0,11,17.7,989.4,0,,Clear sky
2025-12-18 21:00:00,KSAT,San Antonio Intl,San Antonio,San Antonio,59.6,35,32.0,51.8,0.0,0.0,0.0,0,9.6,11,19.0,990.5,0,,Clear sky
2025-12-18 22:00:00,KSAT,San Antonio Intl,San Antonio,San Antonio,57.5,37,31.1,50.0,0.0,0.0,0.0,0,8.3,15,18.8,991.2,0,,Clear sky
2025-12-18 23:00:00,KSAT,San Antonio Intl,San Antonio,San Antonio,55.7,37,29.9,48.2,0.0,0.0,0.0,0,7.9,13,16.6,991.8,0,,Clear sky
2025-12-19 00:00:00,KSAT,San Antonio Intl,San Antonio,San Antonio,53.3,42,30.8,45.6,0.0,0.0,0.0,0,8.8,11,15.4,992.0,0,,Clear sky
2025-12-19 01:00:00,KSAT,San Antonio Intl,San Antonio,San Antonio,51.3,44,30.3,44.4,0.0,0.0,0.0,0,6.7,10,16.6,992.4,0,,Clear sky
2025-12-19 02:00:00,KSAT,San Antonio Intl,San Antonio,San Antonio,49.5,47,29.9,42.9,0.0,0.0,0.0,0,5.8,11,12.8,992.6,0,,Clear sky
2025-12-19 03:00:00,KSAT,San Antonio Intl,San Antonio,San Antonio,48.3,48,29.4,41.6,0.0,0.0,0.0,0,5.8,10,11.2,993.0,0,,Clear sky
2025-12-19 04:00:00,KSAT,San Antonio Intl,San Antonio,San Antonio,47.2,50,29.6,41.0,0.0,0.0,0.0,0,4.9,12,10.7,992.9,0,,Clear sky
2025-12-19 05:00:00,KSAT,San Antonio Intl,San Antonio,San Antonio,46.0,53,29.9,40.1,0.0,0.0,0.0,0,4.4,6,8.9,992.8,0,,Clear sky
2025-12-19 06:00:00,KSAT,San Antonio Intl,San Antonio,San Antonio,45.0,54,29.5,38.8,0.0,0.0,0.0,0,4.7,17,8.1,993.3,0,,Clear sky
2025-12-19 07:00:00,KSAT,San Antonio Intl,San Antonio,San Antonio,42.3,61,29.8,36.6,0.0,0.0,0.0,0,3.7,21,8.5,994.0,0,,Clear sky
2025-12-19 08:00:00,KSAT,San Antonio Intl,San Antonio,San Antonio,43.1,60,30.1,37.5,0.0,0.0,0.0,0,3.5,25,6.3,994.9,0,,Clear sky
2025-12-19 09:00:00,KSAT,San Antonio Intl,San Antonio,San Antonio,47.6,55,32.2,42.8,0.0,0.0,0.0,0,2.2,37,6.5,995.9,0,,Clear sky
2025-12-19 10:00:00,KSAT,San Antonio Intl,San Antonio,San Antonio,51.8,45,31.3,47.0,0.0,0.0,0.0,0,2.0,96,7.6,996.4,0,,Clear sky
2025-12-19 11:00:00,KSAT,San Antonio Intl,San Antonio,San Antonio,55.6,40,31.5,50.5,0.0,0.0,0.0,0,2.8,135,9.8,996.1,0,,Clear sky
2025-12-19 12:00:00,KSAT,San Antonio Intl,San Antonio,San Antonio,60.7,30,29.3,55.1,0.0,0.0,0.0,0,4.5,162,11.9,994.9,0,,Clear sky
2025-12-19 13:00:00,KSAT,San Antonio Intl,San Antonio,San Antonio,62.7,29,29.7,57.3,0.0,0.0,0.0,0,4.9,183,13.9,993.5,0,,Clear sky
2025-12-19 14:00:00,KSAT,San Antonio Intl,San Antonio,San Antonio,63.8,29,30.7,58.0,0.0,0.0,0.0,0,5.4,185,14.3,992.2,0,,Clear sky
2025-12-19 15:00:00,KSAT,San Antonio Intl,San Antonio,San Antonio,64.3,29,31.0,57.8,0.0,0.0,0.0,0,5.9,184,14.8,991.3,0,,Clear sky
2025-12-19 16:00:00,KSAT,San Antonio Intl,San Antonio,San Antonio,64.0,30,31.7,57.4,0.0,0.0,0.0,0,6.4,184,15.0,990.6,0,,Clear sky
2025-12-19 17:00:00,KSAT,San Antonio Intl,San Antonio,San Antonio,61.4,39,36.4,56.7,0.0,0.0,0.0,0,3.8,182,14.1,990.2,0,,Clear sky
2025-12-19 18:00:00,KSAT,San Antonio Intl,San Antonio,San Antonio,59.0,42,35.7,53.7,0.0,0.0,0.0,0,4.9,181,8.1,989.7,0,,Clear sky
2025-12-19 19:00:00,KSAT,San Antonio Intl,San Antonio,San Antonio,58.6,40,34.3,52.8,0.0,0.0,0.0,0,5.6,192,9.8,989.4,0,,Clear sky
2025-12-19 20:00:00,KSAT,San Antonio Intl,San Antonio,San Antonio,57.3,41,34.0,51.2,0.0,0.0,0.0,0,6.2,186,11.2,989.5,0,,Clear sky
2025-12-19 21:00:00,KSAT,San Antonio Intl,San Antonio,San Antonio,55.7,45,34.9,49.5,0.0,0.0,0.0,0,6.7,182,12.3,989.5,0,,Clear sky
2025-12-19 22:00:00,KSAT,San Antonio Intl,San Antonio,San Antonio,54.4,53,37.6,48.5,0.0,0.0,0.0,0,7.3,183,13.6,989.9,0,,Clear sky
2025-12-19 23:00:00,KSAT,San Antonio Intl,San Antonio,San Antonio,53.2,68,42.8,48.5,0.0,0.0,0.0,0,6.6,193,13.6,990.1,0,,Clear sky
2025-12-20 00:00:00,KSAT,San Antonio Intl,San Antonio,San Antonio,51.3,81,45.9,47.4,0.0,0.0,0.0,0,6.8,202,12.5,989.6,0,,Clear sky
2025-12-20 01:00:00,KSAT,San Antonio Intl,San Antonio,San Antonio,50.8,88,47.3,47.4,0.0,0.0,0.0,0,6.5,208,12.8,989.1,0,,Clear sky
2025-12-20 02:00:00,KSAT,San Antonio Intl,San Antonio,San Antonio,50.6,90,47.8,47.5,0.0,0.0,0.0,0,6.2,212,12.1,988.5,0,,Clear sky
2025-12-20 03:00:00,KSAT,San Antonio Intl,San Antonio,San Antonio,50.4,92,48.0,47.4,0.0,0.0,0.0,0,5.7,219,11.4,988.3,0,,Clear sky
2025-12-20 04:00:00,KSAT,San Antonio Intl,San Antonio,San Antonio,50.5,92,48.1,47.4,0.0,0.0,0.0,0,6.0,222,11.2,988.0,0,,Clear sky
2025-12-20 05:00:00,KSAT,San Antonio Intl,San Antonio,San Antonio,50.6,92,48.4,47.7,0.0,0.0,0.0,0,5.9,227,11.2,987.5,0,,Clear sky
2025-12-20 06:00:00,KSAT,San Antonio Intl,San Antonio,San Antonio,51.6,96,50.6,49.2,0.0,0.0,0.0,2,6.3,230,11.0,987.5,0,,Clear sky
2025-12-20 07:00:00,KSAT,San Antonio Intl,San Antonio,San Antonio,51.5,97,50.7,49.2,0.0,0.0,0.0,0,6.1,229,11.4,987.6,0,,Clear sky
2025-12-20 08:00:00,KSAT,San Antonio Intl,San Antonio,San Antonio,52.4,97,51.5,50.1,0.0,0.0,0.0,0,6.7,229,11.4,987.8,0,,Clear sky
2025-12-20 09:00:00,KSAT,San Antonio Intl,San Antonio,San Antonio,56.4,92,54.1,54.5,0.0,0.0,0.0,1,7.6,224,14.1,988.4,0,,Clear sky
2025-12-20 10:00:00,KSAT,San Antonio Intl,San Antonio,San Antonio,60.3,85,55.7,59.7,0.0,0.0,0.0,4,5.7,227,15.2,989.0,0,,Clear sky
2025-12-20 11:00:00,KSAT,San Antonio Intl,San Antonio,San Antonio,64.4,76,56.8,63.5,0.0,0.0,0.0,1,7.3,223,17.4,988.5,0,,Clear sky
2025-12-20 12:00:00,KSAT,San Antonio Intl,San Antonio,San Antonio,64.8,83,59.5,64.1,0.0,0.0,0.0,100,9.9,219,19.7,988.0,3,,Overcast
2025-12-20 13:00:00,KSAT,San Antonio Intl,San Antonio,San Antonio,67.5,76,59.7,66.5,0.0,0.0,0.0,77,10.1,219,22.4,986.9,2,,Partly cloudy
2025-12-20 14:00:00,KSAT,San Antonio Intl,San Antonio,San Antonio,70.4,69,59.9,70.5,0.0,0.0,0.0,1,7.7,210,22.6,985.8,0,,Clear sky
2025-12-20 15:00:00,KSAT,San Antonio Intl,San Antonio,San Antonio,71.6,68,60.3,72.4,0.0,0.0,0.0,0,6.6,205,18.3,985.2,0,,Clear sky
2025-12-20 16:00:00,KSAT,San Antonio Intl,San Antonio,San Antonio,71.5,68,60.4,72.6,0.0,0.0,0.0,0,5.8,200,15.9,985.1,0,,Clear sky
2025-12-20 17:00:00,KSAT,San Antonio Intl,San Antonio,San Antonio,69.4,75,61.1,71.6,0.0,0.0,0.0,0,4.0,193,13.4,984.9,0,,Clear sky
2025-12-20 18:00:00,KSAT,San Antonio Intl,San Antonio,San Antonio,67.1,77,59.8,68.3,0.0,0.0,0.0,0,5.1,186,8.1,984.8,0,,Clear sky
2025-12-20 19:00:00,KSAT,San Antonio Intl,San Antonio,San Antonio,66.4,79,59.5,67.7,0.0,0.0,0.0,0,4.5,218,9.6,985.2,0,,Clear sky
2025-12-20 20:00:00,KSAT,San Antonio Intl,San Antonio,San Antonio,64.0,83,58.5,65.4,0.0,0.0,0.0,0,3.4,270,7.8,986.0,0,,Clear sky
2025-12-20 21:00:00,KSAT,San Antonio Intl,San Antonio,San Antonio,63.0,83,57.7,64.6,0.0,0.0,0.0,0,2.4,265,5.1,986.6,0,,Clear sky
2025-12-20 22:00:00,KSAT,San Antonio Intl,San Antonio,San Antonio,61.8,85,57.1,62.8,0.0,0.0,0.0,0,3.1,257,4.5,986.9,0,,Clear sky
2025-12-20 23:00:00,KSAT,San Antonio Intl,San Antonio,San Antonio,60.7,86,56.6,61.5,0.0,0.0,0.0,0,3.1,272,4.7,987.1,0,,Clear sky
2025-12-21 00:00:00,KSAT,San Antonio Intl,San Antonio,San Antonio,58.9,87,55.0,59.3,0.0,0.0,0.0,0,2.7,277,4.7,987.4,0,,Clear sky
2025-12-21 01:00:00,KSAT,San Antonio Intl,San Antonio,San Antonio,57.3,88,53.7,57.2,0.0,0.0,0.0,0,2.9,283,4.3,987.4,0,,Clear sky
2025-12-21 02:00:00,KSAT,San Antonio Intl,San Antonio,San Antonio,56.4,88,52.8,56.2,0.0,0.0,0.0,0,2.5,309,4.7,987.6,0,,Clear sky
2025-12-21 03:00:00,KSAT,San Antonio Intl,San Antonio,San Antonio,56.4,90,53.5,55.0,0.0,0.0,0.0,0,5.8,345,15.9,988.4,0,,Clear sky
2025-12-21 04:00:00,KSAT,San Antonio Intl,San Antonio,San Antonio,54.1,92,52.0,52.0,0.0,0.0,0.0,0,6.5,339,11.6,988.4,0,,Clear sky
2025-12-21 05:00:00,KSAT,San Antonio Intl,San Antonio,San Antonio,53.1,91,50.4,49.8,0.0,0.0,0.0,0,7.9,341,14.3,988.4,0,,Clear sky
2025-12-21 06:00:00,KSAT,San Antonio Intl,San Antonio,San Antonio,52.5,92,50.4,49.0,0.0,0.0,0.0,0,8.6,350,17.2,989.2,0,,Clear sky
2025-12-21 07:00:00,KSAT,San Antonio Intl,San Antonio,San Antonio,50.5,84,46.0,45.4,0.0,0.0,0.0,0,9.6,351,18.1,990.3,0,,Clear sky
2025-12-21 08:00:00,KSAT,San Antonio Intl,San Antonio,San Antonio,50.4,71,41.2,44.2,0.0,0.0,0.0,0,9.5,348,18.6,991.2,0,,Clear sky
2025-12-21 09:00:00,KSAT,San Antonio Intl,San Antonio,San Antonio,53.8,59,39.9,48.2,0.0,0.0,0.0,0,7.5,347,18.1,992.4,0,,Clear sky
2025-12-21 10:00:00,KSAT,San Antonio Intl,San Antonio,San Antonio,59.1,52,41.5,54.3,0.0,0.0,0.0,0,6.4,356,15.4,993.5,0,,Clear sky
2025-12-21 11:00:00,KSAT,San Antonio Intl,San Antonio,San Antonio,64.5,45,42.7,60.2,0.0,0.0,0.0,0,5.9,8,15.0,993.8,0,,Clear sky
2025-12-21 12:00:00,KSAT,San Antonio Intl,San Antonio,San Antonio,68.1,44,45.2,65.3,0.0,0.0,0.0,0,4.7,14,14.8,993.8,0,,Clear sky
2025-12-21 13:00:00,KSAT,San Antonio Intl,San Antonio,San Antonio,71.2,41,46.3,69.4,0.0,0.0,0.0,0,3.9,15,12.3,992.9,0,,Clear sky
2025-12-21 14:00:00,KSAT,San Antonio Intl,San Antonio,San Antonio,73.0,39,46.8,70.8,0.0,0.0,0.0,0,4.4,19,12.3,992.3,0,,Clear sky
2025-12-21 15:00:00,KSAT,San Antonio Intl,San Antonio,San Antonio,73.8,39,46.9,71.2,0.0,0.0,0.0,0,4.1,37,12.3,992.3,0,,Clear sky
2025-12-21 16:00:00,KSAT,San Antonio Intl,San Antonio,San Antonio,73.2,40,47.7,70.7,0.0,0.0,0.0,0,4.4,54,11.0,992.4,0,,Clear sky
2025-12-21 17:00:00,KSAT,San Antonio Intl,San Antonio,San Antonio,69.9,51,50.8,68.6,0.0,0.0,0.0,0,3.7,49,10.3,993.0,0,,Clear sky
2025-12-21 18:00:00,KSAT,San Antonio Intl,San Antonio,San Antonio,64.5,57,48.8,62.5,0.0,0.0,0.0,0,4.1,47,8.9,993.1,0,,Clear sky
2025-12-21 19:00:00,KSAT,San Antonio Intl,San Antonio,San Antonio,62.3,61,48.6,60.0,0.0,0.0,0.0,0,4.5,50,8.5,993.5,0,,Clear sky
2025-12-21 20:00:00,KSAT,San Antonio Intl,San Antonio,San Antonio,60.7,64,48.6,58.7,0.0,0.0,0.0,0,3.8,50,8.1,993.9,0,,Clear sky
2025-12-21 21:00:00,KSAT,San Antonio Intl,San Antonio,San Antonio,59.3,67,48.5,56.6,0.0,0.0,0.0,0,5.4,24,9.6,994.5,0,,Clear sky
2025-12-21 22:00:00,KSAT,San Antonio Intl,San Antonio,San Antonio,58.2,70,48.6,55.4,0.0,0.0,0.0,0,5.8,18,10.5,994.9,0,,Clear sky
2025-12-21 23:00:00,KSAT,San Antonio Intl,San Antonio,San Antonio,57.3,73,48.7,54.6,0.0,0.0,0.0,1,5.5,21,10.5,994.7,0,,Clear sky
2025-12-22 00:00:00,KSAT,San Antonio Intl,San Antonio,San Antonio,56.9,73,48.5,54.3,0.0,0.0,0.0,100,5.4,13,10.7,994.8,3,,Overcast
2025-12-22 01:00:00,KSAT,San Antonio Intl,San Antonio,San Antonio,58.6,70,49.0,56.3,0.0,0.0,0.0,100,5.0,16,10.7,994.6,3,,Overcast
2025-12-22 02:00:00,KSAT,San Antonio Intl,San Antonio,San Antonio,59.3,71,49.9,57.8,0.0,0.0,0.0,100,3.5,25,9.8,994.4,3,,Overcast
2025-12-22 03:00:00,KSAT,San Antonio Intl,San Antonio,San Antonio,59.3,75,51.3,58.1,0.008,0.008,0.0,100,3.7,46,6.7,994.2,51,,Light drizzle
2025-12-22 04:00:00,KSAT,San Antonio Intl,San Antonio,San Antonio,59.6,78,52.9,58.0,0.0,0.0,0.0,62,6.1,23,11.9,993.6,2,,Partly cloudy
2025-12-22 05:00:00,KSAT,San Antonio Intl,San Antonio,San Antonio,59.6,81,54.0,59.4,0.0,0.0,0.0,100,3.4,71,11.6,993.9,3,,Overcast
2025-12-22 06:00:00,KSAT,San Antonio Intl,San Antonio,San Antonio,60.2,80,54.1,60.3,0.004,0.004,0.0,100,2.7,75,6.5,994.2,51,,Light drizzle
2025-12-22 07:00:00,KSAT,San Antonio Intl,San Antonio,San Antonio,60.4,83,55.3,60.6,0.0,0.0,0.0,100,3.6,88,6.9,994.7,3,,Overcast
2025-12-22 08:00:00,KSAT,San Antonio Intl,San Antonio,San Antonio,60.9,85,56.5,61.7,0.004,0.004,0.0,100,3.1,80,6.9,995.4,51,,Light drizzle
2025-12-22 09:00:00,KSAT,San Antonio Intl,San Antonio,San Antonio,62.1,86,57.8,64.0,0.0,0.0,0.0,100,1.5,27,5.8,995.9,3,,Overcast
2025-12-22 10:00:00,KSAT,San Antonio Intl,San Antonio,San Antonio,65.4,87,61.5,68.0,0.0,0.0,0.0,100,3.4,153,8.5,996.4,3,,Overcast
2025-12-22 11:00:00,KSAT,San Antonio Intl,San Antonio,San Antonio,67.4,89,63.9,70.5,0.0,0.0,0.0,100,4.3,168,11.4,996.1,3,,Overcast
2025-12-22 12:00:00,KSAT,San Antonio Intl,San Antonio,San Antonio,69.3,87,65.4,72.5,0.0,0.0,0.0,100,5.9,191,14.3,995.6,3,,Overcast
2025-12-22 13:00:00,KSAT,San Antonio Intl,San Antonio,San Antonio,73.2,75,64.9,75.9,0.004,0.004,0.0,79,6.6,212,15.7,994.7,51,,Light drizzle
2025-12-22 14:00:00,KSAT,San Antonio Intl,San Antonio,San Antonio,76.8,64,63.9,78.6,0.0,0.0,0.0,43,7.6,205,17.7,993.7,1,,Mainly clear
2025-12-22 15:00:00,KSAT,San Antonio Intl,San Antonio,San Antonio,78.3,59,62.9,79.5,0.0,0.0,0.0,36,8.0,196,18.3,993.2,1,,Mainly clear
2025-12-22 16:00:00,KSAT,San Antonio Intl,San Antonio,San Antonio,78.0,60,62.8,79.2,0.0,0.0,0.0,51,7.8,186,18.6,993.0,2,,Partly cloudy
2025-12-22 17:00:00,KSAT,San Antonio Intl,San Antonio,San Antonio,76.3,65,63.6,78.7,0.0,0.0,0.0,23,5.9,165,17.0,992.7,1,,Mainly clear
2025-12-22 18:00:00,KSAT,San Antonio Intl,San Antonio,San Antonio,72.3,81,66.3,77.8,0.0,0.0,0.0,32,1.5,153,11.9,992.4,1,,Mainly clear
2025-12-22 19:00:00,KSAT,San Antonio Intl,San Antonio,San Antonio,72.7,77,65.2,76.2,0.0,0.0,0.0,43,4.9,171,7.2,993.0,1,,Mainly clear
2025-12-22 20:00:00,KSAT,San Antonio Intl,San Antonio,San Antonio,71.3,79,64.4,73.6,0.0,0.0,0.0,27,7.0,163,13.0,993.5,1,,Mainly clear
2025-12-22 21:00:00,KSAT,San Antonio Intl,San Antonio,San Antonio,69.7,86,65.5,72.1,0.0,0.0,0.0,30,8.0,160,15.4,993.9,1,,Mainly clear
2025-12-22 22:00:00,KSAT,San Antonio Intl,San Antonio,San Antonio,67.9,93,65.8,70.7,0.0,0.0,0.0,25,7.2,164,15.7,994.0,1,,Mainly clear
2025-12-22 23:00:00,KSAT,San Antonio Intl,San Antonio,San Antonio,66.9,97,66.0,70.3,0.0,0.0,0.0,100,6.2,168,13.9,994.0,3,,Overcast
2025-12-23 00:00:00,KSAT,San Antonio Intl,San Antonio,San Antonio,69.0,100,68.9,73.5,0.0,0.0,0.0,100,6.9,172,12.1,994.0,3,,Overcast
2025-12-23 01:00:00,KSAT,San Antonio Intl,San Antonio,San Antonio,68.5,100,68.4,72.7,0.0,0.0,0.0,100,7.1,173,13.2,993.8,3,,Overcast
2025-12-23 02:00:00,KSAT,San Antonio Intl,San Antonio,San Antonio,68.2,100,68.1,72.4,0.0,0.0,0.0,100,6.5,185,11.6,993.7,3,,Overcast
2025-12-23 03:00:00,KSAT,San Antonio Intl,San Antonio,San Antonio,67.8,100,67.8,71.8,0.0,0.0,0.0,100,6.9,186,10.3,993.6,3,,Overcast
2025-12-23 04:00:00,KSAT,San Antonio Intl,San Antonio,San Antonio,67.1,100,67.0,70.4,0.004,0.004,0.0,100,7.5,190,15.0,993.6,51,,Light drizzle
2025-12-23 05:00:00,KSAT,San Antonio Intl,San Antonio,San Antonio,66.5,100,66.5,69.8,0.0,0.0,0.0,100,6.8,192,14.1,993.8,3,,Overcast
2025-12-23 06:00:00,KSAT,San Antonio Intl,San Antonio,San Antonio,66.7,100,66.7,71.3,0.0,0.0,0.0,100,4.1,161,13.0,994.3,3,,Overcast
2025-12-23 07:00:00,KSAT,San Antonio Intl,San Antonio,San Antonio,66.7,100,66.6,71.2,0.0,0.0,0.0,100,4.1,163,8.5,994.9,3,,Overcast
2025-12-23 08:00:00,KSAT,San Antonio Intl,San Antonio,San Antonio,66.7,100,66.7,70.5,0.0,0.0,0.0,100,6.1,174,9.4,995.8,3,,Overcast
2025-12-23 09:00:00,KSAT,San Antonio Intl,San Antonio,San Antonio,66.6,98,66.1,69.8,0.0,0.0,0.0,100,6.7,189,13.4,996.5,3,,Overcast
2025-12-23 10:00:00,KSAT,San Antonio Intl,San Antonio,San Antonio,68.4,91,65.6,71.5,0.004,0.004,0.0,68,6.3,191,14.3,997.0,51,,Light drizzle
2025-12-23 11:00:00,KSAT,San Antonio Intl,San Antonio,San Antonio,71.3,77,63.7,73.3,0.004,0.004,0.0,83,7.1,186,16.8,997.0,51,,Light drizzle
2025-12-23 12:00:00,KSAT,San Antonio Intl,San Antonio,San Antonio,73.8,71,64.0,75.1,0.0,0.0,0.0,48,8.9,188,18.3,996.6,1,,Mainly clear
2025-12-23 13:00:00,KSAT,San Antonio Intl,San Antonio,San Antonio,75.2,66,63.2,76.6,0.0,0.0,0.0,17,7.8,187,20.6,995.5,0,,Clear sky
2025-12-23 14:00:00,KSAT,San Antonio Intl,San Antonio,San Antonio,77.4,58,61.7,78.4,0.0,0.0,0.0,23,7.4,183,18.6,994.7,1,,Mainly clear
2025-12-23 15:00:00,KSAT,San Antonio Intl,San Antonio,San Antonio,78.4,54,60.5,78.9,0.0,0.0,0.0,44,7.4,179,17.9,994.3,1,,Mainly clear
2025-12-23 16:00:00,KSAT,San Antonio Intl,San Antonio,San Antonio,77.8,56,60.8,78.5,0.0,0.0,0.0,95,7.1,172,17.7,994.1,3,,Overcast
2025-12-23 17:00:00,KSAT,San Antonio Intl,San Antonio,San Antonio,76.0,62,62.1,78.0,0.0,0.0,0.0,41,5.3,159,16.1,994.3,1,,Mainly clear
2025-12-23 18:00:00,KSAT,San Antonio Intl,San Antonio,San Antonio,73.0,72,63.6,75.5,0.0,0.0,0.0,49,5.6,139,13.2,994.4,1,,Mainly clear
2025-12-23 19:00:00,KSAT,San Antonio Intl,San Antonio,San Antonio,71.7,78,64.4,75.2,0.0,0.0,0.0,17,4.0,138,10.5,994.7,0,,Clear sky
2025-12-23 20:00:00,KSAT,San Antonio Intl,San Antonio,San Antonio,70.3,81,64.4,74.0,0.0,0.0,0.0,24,3.7,141,7.4,995.2,1,,Mainly clear
2025-12-23 21:00:00,KSAT,San Antonio Intl,San Antonio,San Antonio,69.3,84,64.2,72.7,0.0,0.0,0.0,13,4.3,145,7.2,995.7,0,,Clear sky
2025-12-23 22:00:00,KSAT,San Antonio Intl,San Antonio,San Antonio,68.4,87,64.3,71.0,0.0,0.0,0.0,15,6.1,148,11.6,996.2,0,,Clear sky
2025-12-23 23:00:00,KSAT,San Antonio Intl,San Antonio,San Antonio,67.1,92,64.7,70.6,0.0,0.0,0.0,9,4.4,162,11.4,996.1,0,,Clear sky
2025-12-24 00:00:00,KSAT,San Antonio Intl,San Antonio,San Antonio,65.8,98,65.3,69.4,0.0,0.0,0.0,95,4.7,162,7.8,996.0,3,,Overcast
2025-12-24 01:00:00,KSAT,San Antonio Intl,San Antonio,San Antonio,65.1,100,65.0,68.8,0.0,0.0,0.0,100,4.4,162,8.7,995.8,3,,Overcast
2025-12-24 02:00:00,KSAT,San Antonio Intl,San Antonio,San Antonio,64.8,100,64.8,68.5,0.0,0.0,0.0,100,4.4,151,8.5,995.6,3,,Overcast
2025-12-24 03:00:00,KSAT,San Antonio Intl,San Antonio,San Antonio,64.9,100,64.8,68.2,0.0,0.0,0.0,100,5.2,146,10.5,995.6,3,,Overcast
2025-12-24 04:00:00,KSAT,San Antonio Intl,San Antonio,San Antonio,64.7,99,64.5,67.7,0.0,0.0,0.0,100,5.3,159,11.0,995.4,3,,Overcast
2025-12-24 05:00:00,KSAT,San Antonio Intl,San Antonio,San Antonio,64.0,99,63.8,66.5,0.0,0.0,0.0,100,5.8,167,12.3,995.3,3,,Overcast
2025-12-24 06:00:00,KSAT,San Antonio Intl,San Antonio,San Antonio,64.6,100,64.5,68.2,0.0,0.0,0.0,100,4.0,140,12.1,995.5,3,,Overcast
2025-12-24 07:00:00,KSAT,San Antonio Intl,San Antonio,San Antonio,65.0,99,64.8,68.6,0.004,0.004,0.0,100,4.4,156,8.7,996.2,51,,Light drizzle
2025-12-24 08:00:00,KSAT,San Antonio Intl,San Antonio,San Antonio,65.4,100,65.3,69.4,0.008,0.008,0.0,100,3.8,180,8.5,997.2,51,,Light drizzle
2025-12-24 09:00:00,KSAT,San Antonio Intl,San Antonio,San Antonio,66.1,99,65.8,70.2,0.008,0.008,0.0,100,4.3,221,8.1,997.9,51,,Light drizzle
2025-12-24 10:00:00,KSAT,San Antonio Intl,San Antonio,San Antonio,67.2,95,65.7,70.5,0.008,0.008,0.0,74,6.0,208,12.5,998.4,51,,Light drizzle
2025-12-24 11:00:00,KSAT,San Antonio Intl,San Antonio,San Antonio,69.3,84,64.4,72.1,0.004,0.004,0.0,48,5.9,187,13.6,998.2,51,,Light drizzle
2025-12-24 12:00:00,KSAT,San Antonio Intl,San Antonio,San Antonio,73.7,66,61.5,75.1,0.004,0.004,0.0,56,6.1,190,15.0,997.3,51,,Light drizzle
2025-12-24 13:00:00,KSAT,San Antonio Intl,San Antonio,San Antonio,76.0,58,60.3,77.4,0.0,0.0,0.0,31,4.9,196,15.7,996.3,1,,Mainly clear
2025-12-24 14:00:00,KSAT,San Antonio Intl,San Antonio,San Antonio,77.0,54,59.1,78.2,0.0,0.0,0.0,17,4.3,182,14.1,995.5,0,,Clear sky
2025-12-24 15:00:00,KSAT,San Antonio Intl,San Antonio,San Antonio,77.2,53,58.7,78.0,0.0,0.0,0.0,12,4.9,169,13.4,995.1,0,,Clear sky
2025-12-24 16:00:00,KSAT,San Antonio Intl,San Antonio,San Antonio,76.6,54,58.8,77.3,0.0,0.0,0.0,9,5.1,178,13.6,994.9,0,,Clear sky
2025-12-24 17:00:00,KSAT,San Antonio Intl,San Antonio,San Antonio,75.3,56,58.6,76.4,0.0,0.0,0.0,9,4.1,191,12.8,994.9,0,,Clear sky
2025-12-24 18:00:00,KSAT,San Antonio Intl,San Antonio,San Antonio,72.1,68,61.1,75.1,0.0,0.0,0.0,7,2.1,174,8.1,994.9,0,,Clear sky
2025-12-24 19:00:00,KSAT,San Antonio Intl,San Antonio,San Antonio,72.1,65,59.7,73.7,0.0,0.0,0.0,0,4.0,170,6.5,995.2,0,,Clear sky
2025-12-24 20:00:00,KSAT,San Antonio Intl,San Antonio,San Antonio,71.1,66,59.2,72.4,0.0,0.0,0.0,7,4.2,174,7.4,995.1,0,,Clear sky
2025-12-24 21:00:00,KSAT,San Antonio Intl,San Antonio,San Antonio,69.6,69,59.1,71.2,0.0,0.0,0.0,5,3.4,195,7.4,995.1,0,,Clear sky
2025-12-24 22:00:00,KSAT,San Antonio Intl,San Antonio,San Antonio,69.0,71,59.0,69.3,0.0,0.0,0.0,16,6.3,160,10.7,995.0,0,,Clear sky
2025-12-24 23:00:00,KSAT,San Antonio Intl,San Antonio,San Antonio,67.0,83,61.8,68.3,0.0,0.0,0.0,7,6.8,171,13.9,995.1,0,,Clear sky
2025-12-25 00:00:00,KSAT,San Antonio Intl,San Antonio,San Antonio,65.6,94,63.9,68.2,0.0,0.0,0.0,16,5.7,184,13.0,995.1,0,,Clear sky
2025-12-25 01:00:00,KSAT,San Antonio Intl,San Antonio,San Antonio,64.7,97,63.7,67.5,0.0,0.0,0.0,100,5.0,197,10.7,994.8,3,,Overcast
2025-12-25 02:00:00,KSAT,San Antonio Intl,San Antonio,San Antonio,64.6,99,64.2,67.7,0.0,0.0,0.0,100,5.0,205,9.8,994.4,3,,Overcast
2025-12-25 03:00:00,KSAT,San Antonio Intl,San Antonio,San Antonio,64.8,100,64.8,68.1,0.0,0.0,0.0,100,5.1,213,9.6,994.1,3,,Overcast
2025-12-25 04:00:00,KSAT,San Antonio Intl,San Antonio,San Antonio,64.8,100,64.8,68.3,0.0,0.0,0.0,100,4.6,208,9.4,994.0,3,,Overcast
2025-12-25 05:00:00,KSAT,San Antonio Intl,San Antonio,San Antonio,64.8,99,64.7,67.9,0.0,0.0,0.0,100,5.6,202,10.7,993.9,3,,Overcast
2025-12-25 06:00:00,KSAT,San Antonio Intl,San Antonio,San Antonio,64.8,100,64.8,68.6,0.0,0.0,0.0,100,3.8,195,11.6,993.9,3,,Overcast
2025-12-25 07:00:00,KSAT,San Antonio Intl,San Antonio,San Antonio,65.4,100,65.3,68.8,0.0,0.0,0.0,100,5.3,196,9.6,994.1,3,,Overcast
2025-12-25 08:00:00,KSAT,San Antonio Intl,San Antonio,San Antonio,65.6,100,65.5,68.0,0.0,0.0,0.0,100,7.8,197,13.4,994.6,3,,Overcast
2025-12-25 09:00:00,KSAT,San Antonio Intl,San Antonio,San Antonio,65.7,99,65.4,68.8,0.0,0.0,0.0,100,6.0,197,15.9,995.1,3,,Overcast
2025-12-25 10:00:00,KSAT,San Antonio Intl,San Antonio,San Antonio,66.7,95,65.2,69.5,0.0,0.0,0.0,100,6.6,193,14.1,995.3,3,,Overcast
2025-12-25 11:00:00,KSAT,San Antonio Intl,San Antonio,San Antonio,69.3,84,64.1,71.6,0.0,0.0,0.0,100,6.6,191,15.2,994.9,3,,Overcast
2025-12-25 12:00:00,KSAT,San Antonio Intl,San Antonio,San Antonio,72.7,72,63.0,74.7,0.0,0.0,0.0,100,6.3,200,15.9,994.2,3,,Overcast
2025-12-25 13:00:00,KSAT,San Antonio Intl,San Antonio,San Antonio,74.1,67,62.5,75.9,0.0,0.0,0.0,94,6.1,198,15.4,993.2,3,,Overcast
2025-12-25 14:00:00,KSAT,San Antonio Intl,San Antonio,San Antonio,75.8,62,61.7,77.8,0.0,0.0,0.0,30,5.0,207,15.4,992.2,1,,Mainly clear
2025-12-25 15:00:00,KSAT,San Antonio Intl,San Antonio,San Antonio,77.1,58,61.0,78.5,0.0,0.0,0.0,19,5.6,194,14.8,991.8,0,,Clear sky
2025-12-25 16:00:00,KSAT,San Antonio Intl,San Antonio,San Antonio,76.9,56,60.2,78.1,0.0,0.0,0.0,25,5.5,191,14.8,991.5,1,,Mainly clear
2025-12-25 17:00:00,KSAT,San Antonio Intl,San Antonio,San Antonio,75.7,57,59.5,77.0,0.0,0.0,0.0,2,4.6,174,13.2,991.1,0,,Clear sky
2025-12-25 18:00:00,KSAT,San Antonio Intl,San Antonio,San Antonio,71.8,70,61.6,74.3,0.0,0.0,0.0,0,3.6,154,9.2,990.7,0,,Clear sky
2025-12-25 19:00:00,KSAT,San Antonio Intl,San Antonio,San Antonio,70.9,71,61.0,73.1,0.0,0.0,0.0,0,3.8,170,6.9,991.0,0,,Clear sky
2025-12-25 20:00:00,KSAT,San Antonio Intl,San Antonio,San Antonio,70.5,67,59.0,71.4,0.0,0.0,0.0,0,5.0,188,8.7,991.2,0,,Clear sky
2025-12-25 21:00:00,KSAT,San Antonio Intl,San Antonio,San Antonio,69.9,67,58.6,70.5,0.0,0.0,0.0,0,5.3,187,10.3,991.4,0,,Clear sky
2025-12-25 22:00:00,KSAT,San Antonio Intl,San Antonio,San Antonio,69.0,72,59.5,70.2,0.0,0.0,0.0,0,4.6,202,9.6,991.3,0,,Clear sky
2025-12-25 23:00:00,KSAT,San Antonio Intl,San Antonio,San Antonio,67.5,77,60.0,69.0,0.0,0.0,0.0,0,4.3,187,8.1,991.3,0,,Clear sky
2025-12-26 00:00:00,KSAT,San Antonio Intl,San Antonio,San Antonio,65.3,89,62.1,67.0,0.0,0.0,0.0,70,5.9,189,10.1,991.1,2,,Partly cloudy
2025-12-26 01:00:00,KSAT,San Antonio Intl,San Antonio,San Antonio,65.4,99,65.2,68.2,0.0,0.0,0.0,100,6.7,205,12.8,990.6,3,,Overcast
2025-12-26 02:00:00,KSAT,San Antonio Intl,San Antonio,San Antonio,66.0,100,66.0,69.5,0.0,0.0,0.0,100,6.0,222,12.8,990.4,3,,Overcast
2025-12-26 03:00:00,KSAT,San Antonio Intl,San Antonio,San Antonio,66.0,100,65.9,69.7,0.0,0.0,0.0,100,5.4,207,10.1,990.1,3,,Overcast
2025-12-26 04:00:00,KSAT,San Antonio Intl,San Antonio,San Antonio,66.1,100,66.1,69.3,0.0,0.0,0.0,100,6.7,213,11.6,989.7,3,,Overcast
2025-12-26 05:00:00,KSAT,San Antonio Intl,San Antonio,San Antonio,66.2,100,66.1,70.0,0.0,0.0,0.0,100,5.3,231,11.2,989.7,3,,Overcast
2025-12-26 06:00:00,KSAT,San Antonio Intl,San Antonio,San Antonio,66.7,100,66.7,70.1,0.0,0.0,0.0,100,6.8,216,9.2,990.0,3,,Overcast
2025-12-26 07:00:00,KSAT,San Antonio Intl,San Antonio,San Antonio,66.4,100,66.3,69.6,0.0,0.0,0.0,100,7.0,215,14.1,990.1,3,,Overcast
2025-12-26 08:00:00,KSAT,San Antonio Intl,San Antonio,San Antonio,66.2,99,65.9,69.2,0.0,0.0,0.0,100,7.0,217,13.6,990.3,3,,Overcast
2025-12-26 09:00:00,KSAT,San Antonio Intl,San Antonio,San Antonio,66.9,95,65.6,70.2,0.0,0.0,0.0,100,6.0,227,13.6,990.9,3,,Overcast
2025-12-26 10:00:00,KSAT,San Antonio Intl,San Antonio,San Antonio,68.7,88,65.0,71.7,0.0,0.0,0.0,94,6.0,219,13.9,991.2,3,,Overcast
2025-12-26 11:00:00,KSAT,San Antonio Intl,San Antonio,San Antonio,72.1,76,64.0,74.3,0.0,0.0,0.0,48,6.6,217,16.3,990.8,1,,Mainly clear
2025-12-26 12:00:00,KSAT,San Antonio Intl,San Antonio,San Antonio,75.6,67,64.0,77.3,0.0,0.0,0.0,50,7.9,219,18.3,990.0,2,,Partly cloudy
2025-12-26 13:00:00,KSAT,San Antonio Intl,San Antonio,San Antonio,77.8,61,63.3,79.7,0.0,0.0,0.0,15,6.8,215,19.2,988.8,0,,Clear sky
2025-12-26 14:00:00,KSAT,San Antonio Intl,San Antonio,San Antonio,78.9,59,63.1,81.2,0.0,0.0,0.0,30,5.7,212,17.4,987.9,1,,Mainly clear
2025-12-26 15:00:00,KSAT,San Antonio Intl,San Antonio,San Antonio,79.3,57,63.0,81.9,0.0,0.0,0.0,34,4.9,203,15.2,987.3,1,,Mainly clear
2025-12-26 16:00:00,KSAT,San Antonio Intl,San Antonio,San Antonio,79.1,58,62.9,81.5,0.0,0.0,0.0,38,5.1,191,13.4,987.2,1,,Mainly clear
2025-12-26 17:00:00,KSAT,San Antonio Intl,San Antonio,San Antonio,77.4,62,63.1,79.8,0.0,0.0,0.0,49,5.4,182,13.0,987.0,1,,Mainly clear
2025-12-26 18:00:00,KSAT,San Antonio Intl,San Antonio,San Antonio,74.5,70,64.0,77.5,0.0,0.0,0.0,87,4.8,164,11.0,986.8,3,,Overcast
2025-12-26 19:00:00,KSAT,San Antonio Intl,San Antonio,San Antonio,73.8,72,64.1,77.0,0.0,0.0,0.0,3,4.5,160,9.6,987.1,0,,Clear sky
2025-12-26 20:00:00,KSAT,San Antonio Intl,San Antonio,San Antonio,73.0,73,64.0,76.1,0.0,0.0,0.0,1,4.9,169,8.7,987.3,0,,Clear sky
2025-12-26 21:00:00,KSAT,San Antonio Intl,San Antonio,San Antonio,72.7,74,64.0,75.5,0.0,0.0,0.0,0,5.4,180,10.3,987.4,0,,Clear sky
2025-12-26 22:00:00,KSAT,San Antonio Intl,San Antonio,San Antonio,71.2,78,63.9,73.8,0.0,0.0,0.0,0,5.7,171,9.8,987.5,0,,Clear sky
2025-12-26 23:00:00,KSAT,San Antonio Intl,San Antonio,San Antonio,69.2,85,64.6,71.4,0.0,0.0,0.0,0,7.3,166,14.5,987.7,0,,Clear sky
2025-12-27 00:00:00,KSAT,San Antonio Intl,San Antonio,San Antonio,67.0,93,65.0,69.8,0.0,0.0,0.0,2,6.4,180,14.1,987.5,0,,Clear sky
2025-12-27 01:00:00,KSAT,San Antonio Intl,San Antonio,San Antonio,66.1,97,65.3,69.4,0.0,0.0,0.0,36,5.7,184,12.1,987.1,1,,Mainly clear
2025-12-27 02:00:00,KSAT,San Antonio Intl,San Antonio,San Antonio,65.7,99,65.4,69.0,0.0,0.0,0.0,100,5.6,189,11.0,986.8,3,,Overcast
2025-12-27 03:00:00,KSAT,San Antonio Intl,San Antonio,San Antonio,66.1,99,65.9,69.8,0.0,0.0,0.0,100,5.3,196,11.0,986.7,3,,Overcast
2025-12-27 04:00:00,KSAT,San Antonio Intl,San Antonio,San Antonio,66.2,100,66.1,70.2,0.0,0.0,0.0,100,4.9,197,10.1,986.7,3,,Overcast
2025-12-27 05:00:00,KSAT,San Antonio Intl,San Antonio,San Antonio,66.2,99,66.0,70.2,0.0,0.0,0.0,100,4.7,191,8.7,986.4,3,,Overcast
2025-12-27 06:00:00,KSAT,San Antonio Intl,San Antonio,San Antonio,66.6,100,66.5,71.0,0.0,0.0,0.0,100,4.2,171,9.2,986.7,3,,Overcast
2025-12-27 07:00:00,KSAT,San Antonio Intl,San Antonio,San Antonio,66.5,99,66.3,69.9,0.0,0.0,0.0,100,6.3,184,12.3,987.2,3,,Overcast
2025-12-27 08:00:00,KSAT,San Antonio Intl,San Antonio,San Antonio,66.5,99,66.2,69.6,0.004,0.004,0.0,100,7.1,185,13.6,987.5,51,,Light drizzle
2025-12-27 09:00:00,KSAT,San Antonio Intl,San Antonio,San Antonio,66.5,99,66.1,69.8,0.004,0.004,0.0,100,6.4,186,15.9,988.2,51,,Light drizzle
2025-12-27 10:00:00,KSAT,San Antonio Intl,San Antonio,San Antonio,67.6,95,65.9,70.7,0.0,0.0,0.0,100,6.6,179,14.8,988.5,3,,Overcast
2025-12-27 11:00:00,KSAT,San Antonio Intl,San Antonio,San Antonio,69.7,86,65.2,72.4,0.004,0.004,0.0,100,6.8,184,15.7,988.3,51,,Light drizzle
2025-12-27 12:00:00,KSAT,San Antonio Intl,San Antonio,San Antonio,73.1,73,63.8,74.3,0.004,0.004,0.0,100,9.0,188,18.6,987.4,51,,Light drizzle
2025-12-27 13:00:00,KSAT,San Antonio Intl,San Antonio,San Antonio,75.1,66,63.0,75.9,0.004,0.004,0.0,100,9.2,186,21.7,986.2,51,,Light drizzle
2025-12-27 14:00:00,KSAT,San Antonio Intl,San Antonio,San Antonio,76.7,61,62.2,77.1,0.004,0.004,0.0,63,9.3,183,21.3,985.0,51,,Light drizzle
2025-12-27 15:00:00,KSAT,San Antonio Intl,San Antonio,San Antonio,77.9,58,62.0,78.4,0.0,0.0,0.0,54,8.7,176,21.3,984.5,2,,Partly cloudy
2025-12-27 16:00:00,KSAT,San Antonio Intl,San Antonio,San Antonio,78.6,56,61.5,78.9,0.0,0.0,0.0,37,8.8,172,20.4,984.2,1,,Mainly clear
2025-12-27 17:00:00,KSAT,San Antonio Intl,San Antonio,San Antonio,77.4,58,61.3,78.4,0.0,0.0,0.0,4,6.9,167,19.5,984.1,0,,Clear sky
2025-12-27 18:00:00,KSAT,San Antonio Intl,San Antonio,San Antonio,73.2,75,64.7,77.8,0.0,0.0,0.0,3,1.8,158,13.9,983.7,0,,Clear sky
2025-12-27 19:00:00,KSAT,San Antonio Intl,San Antonio,San Antonio,72.6,74,63.9,76.1,0.0,0.0,0.0,13,3.5,115,4.9,983.9,0,,Clear sky
2025-12-27 20:00:00,KSAT,San Antonio Intl,San Antonio,San Antonio,71.5,80,65.1,73.1,0.0,0.0,0.0,0,9.4,142,18.3,984.4,0,,Clear sky
2025-12-27 21:00:00,KSAT,San Antonio Intl,San Antonio,San Antonio,69.9,90,66.8,72.3,0.0,0.0,0.0,4,9.3,147,18.6,984.6,0,,Clear sky
2025-12-27 22:00:00,KSAT,San Antonio Intl,San Antonio,San Antonio,68.7,93,66.7,71.0,0.0,0.0,0.0,20,9.4,153,19.7,984.7,1,,Mainly clear
2025-12-27 23:00:00,KSAT,San Antonio Intl,San Antonio,San Antonio,68.0,94,66.2,70.8,0.0,0.0,0.0,59,7.8,163,18.8,985.1,2,,Partly cloudy
2025-12-28 00:00:00,KSAT,San Antonio Intl,San Antonio,San Antonio,68.2,95,66.6,70.7,0.0,0.0,0.0,100,8.9,171,16.1,985.0,3,,Overcast
2025-12-28 01:00:00,KSAT,San Antonio Intl,San Antonio,San Antonio,68.1,94,66.4,70.5,0.0,0.0,0.0,100,8.9,175,18.1,984.7,3,,Overcast
2025-12-28 02:00:00,KSAT,San Antonio Intl,San Antonio,San Antonio,67.6,95,66.2,70.2,0.0,0.0,0.0,100,8.1,180,17.7,984.8,3,,Overcast
2025-12-28 03:00:00,KSAT,San Antonio Intl,San Antonio,San Antonio,67.0,96,65.9,69.6,0.0,0.0,0.0,100,8.1,178,16.6,984.7,3,,Overcast
2025-12-28 04:00:00,KSAT,San Antonio Intl,San Antonio,San Antonio,66.9,96,65.8,69.8,0.0,0.0,0.0,100,7.1,175,16.1,984.9,3,,Overcast
2025-12-28 05:00:00,KSAT,San Antonio Intl,San Antonio,San Antonio,66.8,97,65.9,70.1,0.0,0.0,0.0,100,6.5,171,14.8,984.5,3,,Overcast
2025-12-28 06:00:00,KSAT,San Antonio Intl,San Antonio,San Antonio,66.9,96,65.8,70.2,0.0,0.0,0.0,100,6.2,172,12.8,985.1,3,,Overcast
2025-12-28 07:00:00,KSAT,San Antonio Intl,San Antonio,San Antonio,67.0,95,65.5,70.0,0.004,0.004,0.0,100,6.5,174,13.6,985.7,51,,Light drizzle
2025-12-28 08:00:00,KSAT,San Antonio Intl,San Antonio,San Antonio,67.2,94,65.4,70.1,0.004,0.004,0.0,100,6.6,176,13.4,986.5,51,,Light drizzle
2025-12-28 09:00:00,KSAT,San Antonio Intl,San Antonio,San Antonio,68.3,88,64.7,70.3,0.004,0.004,0.0,100,8.0,187,17.0,987.4,51,,Light drizzle
2025-12-28 10:00:00,KSAT,San Antonio Intl,San Antonio,San Antonio,70.2,80,63.9,72.0,0.0,0.0,0.0,100,7.4,190,17.2,988.0,3,,Overcast
2025-12-28 11:00:00,KSAT,San Antonio Intl,San Antonio,San Antonio,72.9,71,63.0,74.3,0.0,0.0,0.0,93,7.6,196,17.9,987.9,3,,Overcast
2025-12-28 12:00:00,KSAT,San Antonio Intl,San Antonio,San Antonio,73.7,71,63.8,76.2,0.0,0.0,0.0,100,5.7,216,17.9,987.7,3,,Overcast
2025-12-28 13:00:00,KSAT,San Antonio Intl,San Antonio,San Antonio,75.2,67,63.3,78.0,0.004,0.004,0.0,70,4.6,223,13.9,987.0,51,,Light drizzle
2025-12-28 14:00:00,KSAT,San Antonio Intl,San Antonio,San Antonio,76.3,63,63.0,79.6,0.0,0.0,0.0,98,3.1,224,12.3,986.5,3,,Overcast
2025-12-28 15:00:00,KSAT,San Antonio Intl,San Antonio,San Antonio,76.6,62,62.7,80.4,0.0,0.0,0.0,41,1.7,230,9.6,986.5,1,,Mainly clear
2025-12-28 16:00:00,KSAT,San Antonio Intl,San Antonio,San Antonio,76.7,61,62.1,80.4,0.0,0.0,0.0,40,1.2,180,7.2,986.7,1,,Mainly clear
2025-12-28 17:00:00,KSAT,San Antonio Intl,San Antonio,San Antonio,75.9,62,62.1,79.9,0.0,0.0,0.0,19,0.5,104,5.4,986.6,0,,Clear sky
2025-12-28 18:00:00,KSAT,San Antonio Intl,San Antonio,San Antonio,70.7,79,64.0,74.8,0.0,0.0,0.0,5,2.3,63,2.0,987.3,0,,Clear sky
2025-12-28 19:00:00,KSAT,San Antonio Intl,San Antonio,San Antonio,69.8,81,63.9,73.9,0.0,0.0,0.0,3,2.1,13,4.0,987.8,0,,Clear sky
2025-12-28 20:00:00,KSAT,San Antonio Intl,San Antonio,San Antonio,68.8,83,63.4,72.3,0.0,0.0,0.0,9,3.1,24,4.7,988.3,0,,Clear sky
2025-12-28 21:00:00,KSAT,San Antonio Intl,San Antonio,San Antonio,68.2,83,62.9,70.1,0.0,0.0,0.0,23,6.2,9,10.3,989.5,1,,Mainly clear
2025-12-28 22:00:00,KSAT,San Antonio Intl,San Antonio,San Antonio,67.8,83,62.6,67.6,0.008,0.008,0.0,99,11.1,11,22.1,991.2,51,,Light drizzle
2025-12-28 23:00:00,KSAT,San Antonio Intl,San Antonio,San Antonio,61.1,52,43.4,51.9,0.008,0.008,0.0,99,17.7,12,37.4,993.3,51,,Light drizzle
2025-12-29 00:00:00,KSAT,San Antonio Intl,San Antonio,San Antonio,55.3,41,32.0,44.4,0.0,0.0,0.0,100,16.8,12,39.6,994.5,3,,Overcast
2025-12-29 01:00:00,KSAT,San Antonio Intl,San Antonio,San Antonio,52.2,42,29.6,41.2,0.0,0.0,0.0,100,16.0,16,35.6,995.8,3,,Overcast
2025-12-29 02:00:00,KSAT,San Antonio Intl,San Antonio,San Antonio,51.2,40,27.4,39.5,0.0,0.0,0.0,100,16.9,15,34.0,996.2,3,,Overcast
2025-12-29 03:00:00,KSAT,San Antonio Intl,San Antonio,San Antonio,50.8,36,24.6,39.5,0.0,0.0,0.0,100,15.4,20,35.1,997.3,3,,Overcast
2025-12-29 04:00:00,KSAT,San Antonio Intl,San Antonio,San Antonio,50.4,30,20.2,38.4,0.0,0.0,0.0,100,15.9,20,34.0,998.2,3,,Overcast
2025-12-29 05:00:00,KSAT,San Antonio Intl,San Antonio,San Antonio,48.8,29,17.9,36.9,0.0,0.0,0.0,100,15.1,22,33.3,999.0,3,,Overcast
2025-12-29 06:00:00,KSAT,San Antonio Intl,San Antonio,San Antonio,48.5,27,16.1,35.8,0.0,0.0,0.0,100,16.4,24,33.3,999.8,3,,Overcast
2025-12-29 07:00:00,KSAT,San Antonio Intl,San Antonio,San Antonio,47.1,29,16.2,35.4,0.0,0.0,0.0,100,14.3,28,34.0,1000.9,3,,Overcast
2025-12-29 08:00:00,KSAT,San Antonio Intl,San Antonio,San Antonio,45.6,30,15.8,34.2,0.0,0.0,0.0,100,13.6,21,29.8,1001.8,3,,Overcast
2025-12-29 09:00:00,KSAT,San Antonio Intl,San Antonio,San Antonio,44.6,30,15.1,33.2,0.0,0.0,0.0,100,13.4,18,28.6,1003.5,3,,Overcast
2025-12-29 10:00:00,KSAT,San Antonio Intl,San Antonio,San Antonio,44.3,29,14.1,33.1,0.0,0.0,0.0,100,12.7,14,28.6,1004.6,3,,Overcast
2025-12-29 11:00:00,KSAT,San Antonio Intl,San Antonio,San Antonio,44.6,29,14.2,33.8,0.0,0.0,0.0,100,11.6,12,27.1,1005.4,3,,Overcast
2025-12-29 12:00:00,KSAT,San Antonio Intl,San Antonio,San Antonio,45.5,28,14.5,34.9,0.0,0.0,0.0,100,11.2,355,26.4,1005.2,3,,Overcast
2025-12-29 13:00:00,KSAT,San Antonio Intl,San Antonio,San Antonio,45.5,28,14.5,35.5,0.0,0.0,0.0,100,9.9,350,24.2,1004.6,3,,Overcast
2025-12-29 14:00:00,KSAT,San Antonio Intl,San Antonio,San Antonio,46.1,27,13.5,36.3,0.0,0.0,0.0,100,9.4,342,21.9,1004.4,3,,Overcast
2025-12-29 15:00:00,KSAT,San Antonio Intl,San Antonio,San Antonio,45.7,28,14.6,36.0,0.0,0.0,0.0,100,9.3,342,21.3,1004.2,3,,Overcast
2025-12-29 16:00:00,KSAT,San Antonio Intl,San Antonio,San Antonio,45.5,29,15.1,35.9,0.0,0.0,0.0,100,9.2,342,20.4,1003.7,3,,Overcast
2025-12-29 17:00:00,KSAT,San Antonio Intl,San Antonio,San Antonio,44.8,33,17.1,35.5,0.0,0.0,0.0,100,8.8,345,20.1,1003.6,3,,Overcast
2025-12-29 18:00:00,KSAT,San Antonio Intl,San Antonio,San Antonio,45.4,33,17.7,36.8,0.0,0.0,0.0,100,7.3,326,19.0,1004.5,3,,Overcast
2025-12-29 19:00:00,KSAT,San Antonio Intl,San Antonio,San Antonio,45.0,37,20.3,36.7,0.0,0.0,0.0,100,7.2,336,15.2,1004.3,3,,Overcast
2025-12-29 20:00:00,KSAT,San Antonio Intl,San Antonio,San Antonio,44.9,39,21.6,36.7,0.0,0.0,0.0,100,7.1,333,15.4,1004.4,3,,Overcast
2025-12-29 21:00:00,KSAT,San Antonio Intl,San Antonio,San Antonio,45.0,40,22.1,37.1,0.0,0.0,0.0,100,6.4,329,15.0,1004.9,3,,Overcast
2025-12-29 22:00:00,KSAT,San Antonio Intl,San Antonio,San Antonio,45.3,37,20.5,37.2,0.0,0.0,0.0,100,6.7,349,13.6,1005.0,3,,Overcast
2025-12-29 23:00:00,KSAT,San Antonio Intl,San Antonio,San Antonio,45.3,35,19.0,36.5,0.0,0.0,0.0,100,8.0,357,16.1,1004.9,3,,Overcast
2025-12-30 00:00:00,KSAT,San Antonio Intl,San Antonio,San Antonio,45.6,34,18.5,36.9,0.0,0.0,0.0,100,7.6,356,17.4,1004.9,3,,Overcast
2025-12-30 01:00:00,KSAT,San Antonio Intl,San Antonio,San Antonio,45.4,34,18.9,36.8,0.0,0.0,0.0,100,7.6,358,15.4,1004.3,3,,Overcast
2025-12-30 02:00:00,KSAT,San Antonio Intl,San Antonio,San Antonio,45.4,32,17.5,36.4,0.0,0.0,0.0,100,8.2,4,17.0,1004.2,3,,Overcast
2025-12-30 03:00:00,KSAT,San Antonio Intl,San Antonio,San Antonio,45.2,32,17.1,36.4,0.0,0.0,0.0,100,7.7,9,17.0,1004.1,3,,Overcast
2025-12-30 04:00:00,KSAT,San Antonio Intl,San Antonio,San Antonio,45.1,32,17.3,36.7,0.0,0.0,0.0,98,6.8,10,15.7,1004.0,3,,Overcast
2025-12-30 05:00:00,KSAT,San Antonio Intl,San Antonio,San Antonio,44.6,34,17.6,36.3,0.0,0.0,0.0,88,6.6,11,14.5,1004.0,3,,Overcast
2025-12-30 06:00:00,KSAT,San Antonio Intl,San Antonio,San Antonio,44.7,36,19.1,37.3,0.0,0.0,0.0,100,4.7,14,13.4,1004.9,3,,Overcast
2025-12-30 07:00:00,KSAT,San Antonio Intl,San Antonio,San Antonio,44.2,35,18.3,36.5,0.0,0.0,0.0,23,5.1,19,10.3,1005.2,1,,Mainly clear
2025-12-30 08:00:00,KSAT,San Antonio Intl,San Antonio,San Antonio,41.9,41,19.8,35.0,0.0,0.0,0.0,38,3.6,11,10.3,1005.6,1,,Mainly clear
2025-12-30 09:00:00,KSAT,San Antonio Intl,San Antonio,San Antonio,43.9,35,18.0,36.5,0.0,0.0,0.0,81,4.4,13,10.3,1006.5,3,,Overcast
2025-12-30 10:00:00,KSAT,San Antonio Intl,San Antonio,San Antonio,46.2,32,17.9,38.8,0.0,0.0,0.0,8,4.4,9,13.0,1006.7,0,,Clear sky
2025-12-30 11:00:00,KSAT,San Antonio Intl,San Antonio,San Antonio,49.2,29,18.5,42.3,0.0,0.0,0.0,0,3.4,4,12.3,1005.9,0,,Clear sky
2025-12-30 12:00:00,KSAT,San Antonio Intl,San Antonio,San Antonio,52.4,26,18.7,46.7,0.0,0.0,0.0,0,2.3,337,11.6,1004.8,0,,Clear sky
2025-12-30 13:00:00,KSAT,San Antonio Intl,San Antonio,San Antonio,55.5,23,18.6,50.6,0.0,0.0,0.0,0,1.5,343,9.8,1003.5,0,,Clear sky
2025-12-30 14:00:00,KSAT,San Antonio Intl,San Antonio,San Antonio,57.3,22,18.5,52.1,0.0,0.0,0.0,0,1.5,356,8.9,1002.2,0,,Clear sky
2025-12-30 15:00:00,KSAT,San Antonio Intl,San Antonio,San Antonio,58.4,21,18.3,52.3,0.0,0.0,0.0,0,1.5,9,8.7,1001.3,0,,Clear sky
2025-12-30 16:00:00,KSAT,San Antonio Intl,San Antonio,San Antonio,58.4,21,18.0,52.2,0.0,0.0,0.0,0,1.7,37,7.8,1000.9,0,,Clear sky
2025-12-30 17:00:00,KSAT,San Antonio Intl,San Antonio,San Antonio,57.3,23,19.8,50.9,0.0,0.0,0.0,0,2.4,74,6.9,1000.4,0,,Clear sky
2025-12-30 18:00:00,KSAT,San Antonio Intl,San Antonio,San Antonio,53.2,40,29.8,47.8,0.0,0.0,0.0,0,2.8,127,4.9,1000.4,0,,Clear sky
2025-12-30 19:00:00,KSAT,San Antonio Intl,San Antonio,San Antonio,51.8,35,25.2,45.4,0.0,0.0,0.0,0,3.9,149,7.2,1000.6,0,,Clear sky
2025-12-30 20:00:00,KSAT,San Antonio Intl,San Antonio,San Antonio,49.7,43,27.9,44.0,0.0,0.0,0.0,44,3.1,170,7.2,1000.6,1,,Mainly clear
2025-12-30 21:00:00,KSAT,San Antonio Intl,San Antonio,San Antonio,48.9,43,27.2,43.0,0.0,0.0,0.0,63,3.4,197,5.8,1000.4,2,,Partly cloudy
2025-12-30 22:00:00,KSAT,San Antonio Intl,San Antonio,San Antonio,48.1,42,26.2,41.7,0.0,0.0,0.0,100,4.1,229,7.2,1000.5,3,,Overcast
2025-12-30 23:00:00,KSAT,San Antonio Intl,San Antonio,San Antonio,47.0,44,26.0,40.9,0.0,0.0,0.0,49,3.5,235,7.4,1000.3,1,,Mainly clear
2025-12-31 00:00:00,KSAT,San Antonio Intl,San Antonio,San Antonio,44.1,51,27.0,38.3,0.0,0.0,0.0,63,2.8,263,6.0,1000.4,2,,Partly cloudy
2025-12-31 01:00:00,KSAT,San Antonio Intl,San Antonio,San Antonio,41.8,52,25.6,35.8,0.0,0.0,0.0,9,3.2,280,5.4,999.8,0,,Clear sky
2025-12-31 02:00:00,KSAT,San Antonio Intl,San Antonio,San Antonio,41.4,50,24.1,35.0,0.0,0.0,0.0,34,3.6,294,6.3,999.5,1,,Mainly clear
2025-12-31 03:00:00,KSAT,San Antonio Intl,San Antonio,San Antonio,41.2,49,23.4,34.6,0.0,0.0,0.0,42,3.9,292,6.7,999.3,1,,Mainly clear
2025-12-31 04:00:00,KSAT,San Antonio Intl,San Antonio,San Antonio,41.0,48,22.9,34.4,0.0,0.0,0.0,14,3.8,297,6.7,998.9,0,,Clear sky
2025-12-31 05:00:00,KSAT,San Antonio Intl,San Antonio,San Antonio,40.5,49,22.6,34.1,0.0,0.0,0.0,31,3.4,302,6.5,998.2,1,,Mainly clear
2025-12-31 06:00:00,KSAT,San Antonio Intl,San Antonio,San Antonio,39.8,46,20.8,32.7,0.0,0.0,0.0,36,4.4,315,6.0,998.2,1,,Mainly clear
2025-12-31 07:00:00,KSAT,San Antonio Intl,San Antonio,San Antonio,38.5,48,20.5,31.3,0.0,0.0,0.0,84,4.4,326,8.1,998.3,3,,Overcast
2025-12-31 08:00:00,KSAT,San Antonio Intl,San Antonio,San Antonio,39.0,47,20.5,31.7,0.0,0.0,0.0,66,4.9,322,8.7,998.3,2,,Partly cloudy
2025-12-31 09:00:00,KSAT,San Antonio Intl,San Antonio,San Antonio,44.2,40,21.5,37.4,0.0,0.0,0.0,15,4.1,298,9.2,998.7,0,,Clear sky
2025-12-31 10:00:00,KSAT,San Antonio Intl,San Antonio,San Antonio,51.3,31,21.6,45.1,0.0,0.0,0.0,3,2.4,248,8.7,999.5,0,,Clear sky
2025-12-31 11:00:00,KSAT,San Antonio Intl,San Antonio,San Antonio,56.5,21,17.0,48.9,0.0,0.0,0.0,33,4.6,231,13.0,999.2,1,,Mainly clear
2025-12-31 12:00:00,KSAT,San Antonio Intl,San Antonio,San Antonio,62.2,17,17.1,54.7,0.0,0.0,0.0,59,5.9,225,15.2,997.9,2,,Partly cloudy
2025-12-31 13:00:00,KSAT,San Antonio Intl,San Antonio,San Antonio,64.6,15,15.5,57.1,0.0,0.0,0.0,77,6.5,221,17.2,996.6,2,,Partly cloudy
2025-12-31 14:00:00,KSAT,San Antonio Intl,San Antonio,San Antonio,65.9,14,14.9,58.1,0.0,0.0,0.0,95,6.6,215,17.2,995.2,3,,Overcast
2025-12-31 15:00:00,KSAT,San Antonio Intl,San Antonio,San Antonio,66.3,14,15.0,57.8,0.0,0.0,0.0,87,6.3,210,17.0,994.3,3,,Overcast
2025-12-31 16:00:00,KSAT,San Antonio Intl,San Antonio,San Antonio,65.8,14,15.4,57.4,0.0,0.0,0.0,19,6.2,203,15.9,994.1,0,,Clear sky
2025-12-31 17:00:00,KSAT,San Antonio Intl,San Antonio,San Antonio,63.3,17,18.1,55.4,0.0,0.0,0.0,2,5.6,188,14.5,993.7,0,,Clear sky
2025-12-31 18:00:00,KSAT,San Antonio Intl,San Antonio,San Antonio,60.3,21,20.7,52.5,0.0,0.0,0.0,12,6.2,181,11.2,993.4,0,,Clear sky
2025-12-31 19:00:00,KSAT,San Antonio Intl,San Antonio,San Antonio,58.5,25,22.3,51.0,0.0,0.0,0.0,6,5.5,194,11.6,993.6,0,,Clear sky
2025-12-31 20:00:00,KSAT,San Antonio Intl,San Antonio,San Antonio,56.9,27,23.2,49.8,0.0,0.0,0.0,32,5.1,206,10.3,993.5,1,,Mainly clear
2025-12-31 21:00:00,KSAT,San Antonio Intl,San Antonio,San Antonio,55.0,30,23.9,48.0,0.0,0.0,0.0,5,5.0,203,9.4,993.7,0,,Clear sky
2025-12-31 22:00:00,KSAT,San Antonio Intl,San Antonio,San Antonio,53.9,31,23.9,46.8,0.0,0.0,0.0,0,5.1,209,9.2,993.8,0,,Clear sky
2025-12-31 23:00:00,KSAT,San Antonio Intl,San Antonio,San Antonio,52.6,33,24.4,45.7,0.0,0.0,0.0,1,5.0,209,9.2,993.6,0,,Clear sky
